"file_name","source_url","licence","licence_url","attribution","downloaded_at","sha256","notes"
"raw/nist/pdf/nist_atc_all_asme1.pdf","https://www.nist.gov/system/files/documents/noindex/2022/07/19/NIST_MBE_PMI_CTC_Definitions.zip#NIST_MBE_PMI_CTC_Definitions/nist_atc_all_asme1.pdf","Public-Domain","https://www.nist.gov/ctl/smart-connected-systems-division/smart-connected-manufacturing-systems-group/mbe-pmi-0","NIST MBE PMI Validation and Conformance Testing Project, National Institute of Standards and Technology","2026-09-25T10:42:40Z","0da84ec7c4a261eb429b435e0ca8220e9225770ac29f11aea2776c9f75b10b22","US Gov work, 17 USC 105; README in zip states public domain. CTC drawing (vector PDF, ASME Y14.5)"
"raw/nist/pdf/nist_ctc_01_asme1_rd.pdf","https://www.nist.gov/system/files/documents/noindex/2022/07/19/NIST_MBE_PMI_CTC_Definitions.zip#NIST_MBE_PMI_CTC_Definitions/nist_ctc_01_asme1_rd.pdf","Public-Domain","https://www.nist.gov/ctl/smart-connected-systems-division/smart-connected-manufacturing-systems-group/mbe-pmi-0","NIST MBE PMI Validation and Conformance Testing Project, National Institute of Standards and Technology","2026-09-25T10:42:40Z","ba763b97ef7f8f0cf812702d4de94861fbd55a4aad44ebfaae394e41b8e9e03a","US Gov work, 17 USC 105; README in zip states public domain. CTC drawing (vector PDF, ASME Y14.5)"
"raw/nist/pdf/nist_ctc_02_asme1_rc.pdf","https://www.nist.gov/system/files/documents/noindex/2022/07/19/NIST_MBE_PMI_CTC_Definitions.zip#NIST_MBE_PMI_CTC_Definitions/nist_ctc_02_asme1_rc.pdf","Public-Domain","https://www.nist.gov/ctl/smart-connected-systems-division/smart-connected-manufacturing-systems-group/mbe-pmi-0","NIST MBE PMI Validation and Conformance Testing Project, National Institute of Standards and Technology","2026-09-25T10:42:40Z","f1cb7ed923c54ec788b16480177f5d8412f8d49047cb576de8509f229491a51f","US Gov work, 17 USC 105; README in zip states public domain. CTC drawing (vector PDF, ASME Y14.5)"
"raw/nist/pdf/nist_ctc_03_asme1_rc.pdf","https://www.nist.gov/system/files/documents/noindex/2022/07/19/NIST_MBE_PMI_CTC_Definitions.zip#NIST_MBE_PMI_CTC_Definitions/nist_ctc_03_asme1_rc.pdf","Public-Domain","https://www.nist.gov/ctl/smart-connected-systems-division/smart-connected-manufacturing-systems-group/mbe-pmi-0","NIST MBE PMI Validation and Conformance Testing Project, National Institute of Standards and Technology","2026-09-25T10:42:40Z","c581705f985efa4751db4021d2920089d1e9697eda198eb0386ad4322b8b83c4","US Gov work, 17 USC 105; README in zip states public domain. CTC drawing (vector PDF, ASME Y14.5)"
"raw/nist/pdf/nist_ctc_04_asme1_rd.pdf","https://www.nist.gov/system/files/documents/noindex/2022/07/19/NIST_MBE_PMI_CTC_Definitions.zip#NIST_MBE_PMI_CTC_Definitions/nist_ctc_04_asme1_rd.pdf","Public-Domain","https://www.nist.gov/ctl/smart-connected-systems-division/smart-connected-manufacturing-systems-group/mbe-pmi-0","NIST MBE PMI Validation and Conformance Testing Project, National Institute of Standards and Technology","2026-09-25T10:42:40Z","cd834573ef731300b4bbfd526b6d48657479507768d635dbfbd7e3bb88f0cb23","US Gov work, 17 USC 105; README in zip states public domain. CTC drawing (vector PDF, ASME Y14.5)"
"raw/nist/pdf/nist_ctc_05_asme1_rd.pdf","https://www.nist.gov/system/files/documents/noindex/2022/07/19/NIST_MBE_PMI_CTC_Definitions.zip#NIST_MBE_PMI_CTC_Definitions/nist_ctc_05_asme1_rd.pdf","Public-Domain","https://www.nist.gov/ctl/smart-connected-systems-division/smart-connected-manufacturing-systems-group/mbe-pmi-0","NIST MBE PMI Validation and Conformance Testing Project, National Institute of Standards and Technology","2026-09-25T10:42:40Z","1357a2aec060ab6ce963cc0ad974f0d693287bd2cb745ca409a6254604359313","US Gov work, 17 USC 105; README in zip states public domain. CTC drawing (vector PDF, ASME Y14.5)"
"raw/nist/annotations/NIST-CTC-PMI-Definitions.xlsx","https://www.nist.gov/system/files/documents/noindex/2022/07/19/NIST_MBE_PMI_CTC_Definitions.zip#NIST_MBE_PMI_CTC_Definitions/NIST-CTC-PMI-Definitions.xlsx","Public-Domain","https://www.nist.gov/ctl/smart-connected-systems-division/smart-connected-manufacturing-systems-group/mbe-pmi-0","NIST MBE PMI Validation and Conformance Testing Project, National Institute of Standards and Technology","2026-09-25T10:42:40Z","ed90df9e6055387ded030f350efcd9725fb6c1a790e80df2af0ab72dcf11eb90","US Gov work, 17 USC 105. CTC PMI definitions / annotation-ID drawings (reference labels)"
"raw/nist/annotations/nist_ctc_01_asme1_rd_elem_ids.pdf","https://www.nist.gov/system/files/documents/noindex/2022/07/19/NIST_MBE_PMI_CTC_Definitions.zip#NIST_MBE_PMI_CTC_Definitions/nist_ctc_01_asme1_rd_elem_ids.pdf","Public-Domain","https://www.nist.gov/ctl/smart-connected-systems-division/smart-connected-manufacturing-systems-group/mbe-pmi-0","NIST MBE PMI Validation and Conformance Testing Project, National Institute of Standards and Technology","2026-09-25T10:42:40Z","035649f82dddb469832657b9c2a76be67172f568691682ee9d21391def2535c6","US Gov work, 17 USC 105. CTC PMI definitions / annotation-ID drawings (reference labels)"
"raw/nist/annotations/nist_ctc_02_asme1_rc_elem_ids.pdf","https://www.nist.gov/system/files/documents/noindex/2022/07/19/NIST_MBE_PMI_CTC_Definitions.zip#NIST_MBE_PMI_CTC_Definitions/nist_ctc_02_asme1_rc_elem_ids.pdf","Public-Domain","https://www.nist.gov/ctl/smart-connected-systems-division/smart-connected-manufacturing-systems-group/mbe-pmi-0","NIST MBE PMI Validation and Conformance Testing Project, National Institute of Standards and Technology","2026-09-25T10:42:40Z","315361222d5d39d8ffe1f18b1954678e72df87f801e458d4780d36f417ad5cbb","US Gov work, 17 USC 105. CTC PMI definitions / annotation-ID drawings (reference labels)"
"raw/nist/annotations/nist_ctc_03_asme1_rc_elem_ids.pdf","https://www.nist.gov/system/files/documents/noindex/2022/07/19/NIST_MBE_PMI_CTC_Definitions.zip#NIST_MBE_PMI_CTC_Definitions/nist_ctc_03_asme1_rc_elem_ids.pdf","Public-Domain","https://www.nist.gov/ctl/smart-connected-systems-division/smart-connected-manufacturing-systems-group/mbe-pmi-0","NIST MBE PMI Validation and Conformance Testing Project, National Institute of Standards and Technology","2026-09-25T10:42:40Z","a6faf5f097367062d43142cb0f02a3bc4070bd8ec4ce3d7afd63a825cca3ae05","US Gov work, 17 USC 105. CTC PMI definitions / annotation-ID drawings (reference labels)"
"raw/nist/annotations/nist_ctc_04_asme1_rd_elem_ids.pdf","https://www.nist.gov/system/files/documents/noindex/2022/07/19/NIST_MBE_PMI_CTC_Definitions.zip#NIST_MBE_PMI_CTC_Definitions/nist_ctc_04_asme1_rd_elem_ids.pdf","Public-Domain","https://www.nist.gov/ctl/smart-connected-systems-division/smart-connected-manufacturing-systems-group/mbe-pmi-0","NIST MBE PMI Validation and Conformance Testing Project, National Institute of Standards and Technology","2026-09-25T10:42:40Z","c056da231ac67c2eb7439ef481cc3d7b2303687bb57bcbfbc27cdffb165ecf41","US Gov work, 17 USC 105. CTC PMI definitions / annotation-ID drawings (reference labels)"
"raw/nist/annotations/nist_ctc_05_asme1_rd_elem_ids.pdf","https://www.nist.gov/system/files/documents/noindex/2022/07/19/NIST_MBE_PMI_CTC_Definitions.zip#NIST_MBE_PMI_CTC_Definitions/nist_ctc_05_asme1_rd_elem_ids.pdf","Public-Domain","https://www.nist.gov/ctl/smart-connected-systems-division/smart-connected-manufacturing-systems-group/mbe-pmi-0","NIST MBE PMI Validation and Conformance Testing Project, National Institute of Standards and Technology","2026-09-25T10:42:40Z","10abc7778c5f016b4bdc3fccedcdc196bf4c5b1f7e1ba39789dfef7ed8e9ecdb","US Gov work, 17 USC 105. CTC PMI definitions / annotation-ID drawings (reference labels)"
"raw/nist/docs/ctc/nist_ctc_suppl_elem_visibility.pdf","https://www.nist.gov/system/files/documents/noindex/2022/07/19/NIST_MBE_PMI_CTC_Definitions.zip#NIST_MBE_PMI_CTC_Definitions/nist_ctc_suppl_elem_visibility.pdf","Public-Domain","https://www.nist.gov/ctl/smart-connected-systems-division/smart-connected-manufacturing-systems-group/mbe-pmi-0","NIST MBE PMI Validation and Conformance Testing Project, National Institute of Standards and Technology","2026-09-25T10:42:40Z","b86960548cde198a77c49decbbb4b2872bbb0b5704409c7ec0868a818353f0c1","US Gov work, 17 USC 105. CTC README (contains public-domain statement) and supplementary docs"
"raw/nist/docs/ctc/README.txt","https://www.nist.gov/system/files/documents/noindex/2022/07/19/NIST_MBE_PMI_CTC_Definitions.zip#NIST_MBE_PMI_CTC_Definitions/README.txt","Public-Domain","https://www.nist.gov/ctl/smart-connected-systems-division/smart-connected-manufacturing-systems-group/mbe-pmi-0","NIST MBE PMI Validation and Conformance Testing Project, National Institute of Standards and Technology","2026-09-25T10:42:40Z","58b4db26c673401cb8c72975687f86639a6e630b84c65a51e70e406df64c84f0","US Gov work, 17 USC 105. CTC README (contains public-domain statement) and supplementary docs"
"raw/nist/pdf/nist_ftc_06_asme1_rd.pdf","https://www.nist.gov/system/files/documents/noindex/2022/07/19/NIST_MBE_PMI_FTC_Definitions.zip#NIST_MBE_PMI_FTC_Definitions/nist_ftc_06_asme1_rd.pdf","Public-Domain","https://www.nist.gov/ctl/smart-connected-systems-division/smart-connected-manufacturing-systems-group/mbe-pmi-0","NIST MBE PMI Validation and Conformance Testing Project, National Institute of Standards and Technology","2026-09-25T10:42:43Z","f54e61f5432598cdecf925abf75b153381f55bf4c47e80fd60fb080c7c1b3149","US Gov work, 17 USC 105; README in zip states public domain. FTC drawing (vector PDF, ASME Y14.5)"
"raw/nist/pdf/nist_ftc_07_asme1_rd.pdf","https://www.nist.gov/system/files/documents/noindex/2022/07/19/NIST_MBE_PMI_FTC_Definitions.zip#NIST_MBE_PMI_FTC_Definitions/nist_ftc_07_asme1_rd.pdf","Public-Domain","https://www.nist.gov/ctl/smart-connected-systems-division/smart-connected-manufacturing-systems-group/mbe-pmi-0","NIST MBE PMI Validation and Conformance Testing Project, National Institute of Standards and Technology","2026-09-25T10:42:43Z","fcb214aa1aee70040b11eed88b65ebe42104f2ce1d0e94cb06668a75f8ec2456","US Gov work, 17 USC 105; README in zip states public domain. FTC drawing (vector PDF, ASME Y14.5)"
"raw/nist/pdf/nist_ftc_08_asme1_rc.pdf","https://www.nist.gov/system/files/documents/noindex/2022/07/19/NIST_MBE_PMI_FTC_Definitions.zip#NIST_MBE_PMI_FTC_Definitions/nist_ftc_08_asme1_rc.pdf","Public-Domain","https://www.nist.gov/ctl/smart-connected-systems-division/smart-connected-manufacturing-systems-group/mbe-pmi-0","NIST MBE PMI Validation and Conformance Testing Project, National Institute of Standards and Technology","2026-09-25T10:42:43Z","4c4281a15857a585874b8193df5ab8fd22ecee507a3fe7de2143833403102260","US Gov work, 17 USC 105; README in zip states public domain. FTC drawing (vector PDF, ASME Y14.5)"
"raw/nist/pdf/nist_ftc_09_asme1_rd.pdf","https://www.nist.gov/system/files/documents/noindex/2022/07/19/NIST_MBE_PMI_FTC_Definitions.zip#NIST_MBE_PMI_FTC_Definitions/nist_ftc_09_asme1_rd.pdf","Public-Domain","https://www.nist.gov/ctl/smart-connected-systems-division/smart-connected-manufacturing-systems-group/mbe-pmi-0","NIST MBE PMI Validation and Conformance Testing Project, National Institute of Standards and Technology","2026-09-25T10:42:43Z","43156f3696e34c4d9222ffaade5910c8879d501e8939370512f3865796d98d90","US Gov work, 17 USC 105; README in zip states public domain. FTC drawing (vector PDF, ASME Y14.5)"
"raw/nist/pdf/nist_ftc_10_asme1_rb.pdf","https://www.nist.gov/system/files/documents/noindex/2022/07/19/NIST_MBE_PMI_FTC_Definitions.zip#NIST_MBE_PMI_FTC_Definitions/nist_ftc_10_asme1_rb.pdf","Public-Domain","https://www.nist.gov/ctl/smart-connected-systems-division/smart-connected-manufacturing-systems-group/mbe-pmi-0","NIST MBE PMI Validation and Conformance Testing Project, National Institute of Standards and Technology","2026-09-25T10:42:43Z","26c71d56a9aa73fc47df8a9b6b4e916d237f3666d7146e410037fe49698849bc","US Gov work, 17 USC 105; README in zip states public domain. FTC drawing (vector PDF, ASME Y14.5)"
"raw/nist/pdf/nist_ftc_11_asme1_rb.pdf","https://www.nist.gov/system/files/documents/noindex/2022/07/19/NIST_MBE_PMI_FTC_Definitions.zip#NIST_MBE_PMI_FTC_Definitions/nist_ftc_11_asme1_rb.pdf","Public-Domain","https://www.nist.gov/ctl/smart-connected-systems-division/smart-connected-manufacturing-systems-group/mbe-pmi-0","NIST MBE PMI Validation and Conformance Testing Project, National Institute of Standards and Technology","2026-09-25T10:42:43Z","c402787d12ae4b90b27f7da027c60483d55a2e2616b0b7fa8b73a9a8aaf708ce","US Gov work, 17 USC 105; README in zip states public domain. FTC drawing (vector PDF, ASME Y14.5)"
"raw/nist/annotations/NIST-FTC-PMI-Definitions.xlsx","https://www.nist.gov/system/files/documents/noindex/2022/07/19/NIST_MBE_PMI_FTC_Definitions.zip#NIST_MBE_PMI_FTC_Definitions/NIST-FTC-PMI-Definitions.xlsx","Public-Domain","https://www.nist.gov/ctl/smart-connected-systems-division/smart-connected-manufacturing-systems-group/mbe-pmi-0","NIST MBE PMI Validation and Conformance Testing Project, National Institute of Standards and Technology","2026-09-25T10:42:43Z","58df8238a0a0e25234ba0a6c66abf6fbefe0c05d346622090fe5885fef210f49","US Gov work, 17 USC 105. FTC PMI definitions / annotation-ID drawings / feature-spec index (reference labels)"
"raw/nist/annotations/nist_ftc_06_asme1_rd_elem_ids.pdf","https://www.nist.gov/system/files/documents/noindex/2022/07/19/NIST_MBE_PMI_FTC_Definitions.zip#NIST_MBE_PMI_FTC_Definitions/nist_ftc_06_asme1_rd_elem_ids.pdf","Public-Domain","https://www.nist.gov/ctl/smart-connected-systems-division/smart-connected-manufacturing-systems-group/mbe-pmi-0","NIST MBE PMI Validation and Conformance Testing Project, National Institute of Standards and Technology","2026-09-25T10:42:43Z","f86327198930d181353c6a3b39624a69819d7160cc88b29ff8bfa4dd7a359add","US Gov work, 17 USC 105. FTC PMI definitions / annotation-ID drawings / feature-spec index (reference labels)"
"raw/nist/annotations/nist_ftc_06_asme1_rd_fsi.pdf","https://www.nist.gov/system/files/documents/noindex/2022/07/19/NIST_MBE_PMI_FTC_Definitions.zip#NIST_MBE_PMI_FTC_Definitions/nist_ftc_06_asme1_rd_fsi.pdf","Public-Domain","https://www.nist.gov/ctl/smart-connected-systems-division/smart-connected-manufacturing-systems-group/mbe-pmi-0","NIST MBE PMI Validation and Conformance Testing Project, National Institute of Standards and Technology","2026-09-25T10:42:43Z","d79b4631f5ac929cbea840c6fa4039695b63217092f72aa9aa2341cbf70e243f","US Gov work, 17 USC 105. FTC PMI definitions / annotation-ID drawings / feature-spec index (reference labels)"
"raw/nist/annotations/nist_ftc_07_asme1_rd_elem_ids.pdf","https://www.nist.gov/system/files/documents/noindex/2022/07/19/NIST_MBE_PMI_FTC_Definitions.zip#NIST_MBE_PMI_FTC_Definitions/nist_ftc_07_asme1_rd_elem_ids.pdf","Public-Domain","https://www.nist.gov/ctl/smart-connected-systems-division/smart-connected-manufacturing-systems-group/mbe-pmi-0","NIST MBE PMI Validation and Conformance Testing Project, National Institute of Standards and Technology","2026-09-25T10:42:43Z","8907f271b6204008fceb437ce2f794b6a8e7bf2d2689c207952fd83097907a17","US Gov work, 17 USC 105. FTC PMI definitions / annotation-ID drawings / feature-spec index (reference labels)"
"raw/nist/annotations/nist_ftc_07_asme1_rd_fsi.pdf","https://www.nist.gov/system/files/documents/noindex/2022/07/19/NIST_MBE_PMI_FTC_Definitions.zip#NIST_MBE_PMI_FTC_Definitions/nist_ftc_07_asme1_rd_fsi.pdf","Public-Domain","https://www.nist.gov/ctl/smart-connected-systems-division/smart-connected-manufacturing-systems-group/mbe-pmi-0","NIST MBE PMI Validation and Conformance Testing Project, National Institute of Standards and Technology","2026-09-25T10:42:43Z","60f98806b4621fb1a0229088dd699b250ffcd628f7272358f8df7e8b049e2a50","US Gov work, 17 USC 105. FTC PMI definitions / annotation-ID drawings / feature-spec index (reference labels)"
"raw/nist/annotations/nist_ftc_08_asme1_rc1_fsi.pdf","https://www.nist.gov/system/files/documents/noindex/2022/07/19/NIST_MBE_PMI_FTC_Definitions.zip#NIST_MBE_PMI_FTC_Definitions/nist_ftc_08_asme1_rc1_fsi.pdf","Public-Domain","https://www.nist.gov/ctl/smart-connected-systems-division/smart-connected-manufacturing-systems-group/mbe-pmi-0","NIST MBE PMI Validation and Conformance Testing Project, National Institute of Standards and Technology","2026-09-25T10:42:43Z","002f524d3a70fdd61f9294c2a82061e1668965800dc694101b559314f6cb1664","US Gov work, 17 USC 105. FTC PMI definitions / annotation-ID drawings / feature-spec index (reference labels)"
"raw/nist/annotations/nist_ftc_08_asme1_rc_elem_ids.pdf","https://www.nist.gov/system/files/documents/noindex/2022/07/19/NIST_MBE_PMI_FTC_Definitions.zip#NIST_MBE_PMI_FTC_Definitions/nist_ftc_08_asme1_rc_elem_ids.pdf","Public-Domain","https://www.nist.gov/ctl/smart-connected-systems-division/smart-connected-manufacturing-systems-group/mbe-pmi-0","NIST MBE PMI Validation and Conformance Testing Project, National Institute of Standards and Technology","2026-09-25T10:42:43Z","104550f26978edef5cde583a028cbf60f26ce1337083995853a65408ce7b546e","US Gov work, 17 USC 105. FTC PMI definitions / annotation-ID drawings / feature-spec index (reference labels)"
"raw/nist/annotations/nist_ftc_09_asme1_rd_elem_ids.pdf","https://www.nist.gov/system/files/documents/noindex/2022/07/19/NIST_MBE_PMI_FTC_Definitions.zip#NIST_MBE_PMI_FTC_Definitions/nist_ftc_09_asme1_rd_elem_ids.pdf","Public-Domain","https://www.nist.gov/ctl/smart-connected-systems-division/smart-connected-manufacturing-systems-group/mbe-pmi-0","NIST MBE PMI Validation and Conformance Testing Project, National Institute of Standards and Technology","2026-09-25T10:42:43Z","82d361e98fb66a1a89890528354f9daf14e32332999312c6e13f208dcc32e57c","US Gov work, 17 USC 105. FTC PMI definitions / annotation-ID drawings / feature-spec index (reference labels)"
"raw/nist/annotations/nist_ftc_09_asme1_rd_fsi.pdf","https://www.nist.gov/system/files/documents/noindex/2022/07/19/NIST_MBE_PMI_FTC_Definitions.zip#NIST_MBE_PMI_FTC_Definitions/nist_ftc_09_asme1_rd_fsi.pdf","Public-Domain","https://www.nist.gov/ctl/smart-connected-systems-division/smart-connected-manufacturing-systems-group/mbe-pmi-0","NIST MBE PMI Validation and Conformance Testing Project, National Institute of Standards and Technology","2026-09-25T10:42:43Z","651b613c5d63c9ca49df4ade0c43f8f635cf911f2b361dc4bb2b16473dd4ace3","US Gov work, 17 USC 105. FTC PMI definitions / annotation-ID drawings / feature-spec index (reference labels)"
"raw/nist/annotations/nist_ftc_10_asme1_rb_elem_ids.pdf","https://www.nist.gov/system/files/documents/noindex/2022/07/19/NIST_MBE_PMI_FTC_Definitions.zip#NIST_MBE_PMI_FTC_Definitions/nist_ftc_10_asme1_rb_elem_ids.pdf","Public-Domain","https://www.nist.gov/ctl/smart-connected-systems-division/smart-connected-manufacturing-systems-group/mbe-pmi-0","NIST MBE PMI Validation and Conformance Testing Project, National Institute of Standards and Technology","2026-09-25T10:42:43Z","4fa4b7e828626ecd303b7b1f684a4ce890b43b28af91ba86abc33c646af1a17b","US Gov work, 17 USC 105. FTC PMI definitions / annotation-ID drawings / feature-spec index (reference labels)"
"raw/nist/annotations/nist_ftc_10_asme1_rb_fsi.pdf","https://www.nist.gov/system/files/documents/noindex/2022/07/19/NIST_MBE_PMI_FTC_Definitions.zip#NIST_MBE_PMI_FTC_Definitions/nist_ftc_10_asme1_rb_fsi.pdf","Public-Domain","https://www.nist.gov/ctl/smart-connected-systems-division/smart-connected-manufacturing-systems-group/mbe-pmi-0","NIST MBE PMI Validation and Conformance Testing Project, National Institute of Standards and Technology","2026-09-25T10:42:43Z","e9cc11c51a4d5a4bd5be22883d2de2ea029527e3f384e83e1e9b9c31ebe08e4b","US Gov work, 17 USC 105. FTC PMI definitions / annotation-ID drawings / feature-spec index (reference labels)"
"raw/nist/annotations/nist_ftc_11_asme1_rb_elem_ids.pdf","https://www.nist.gov/system/files/documents/noindex/2022/07/19/NIST_MBE_PMI_FTC_Definitions.zip#NIST_MBE_PMI_FTC_Definitions/nist_ftc_11_asme1_rb_elem_ids.pdf","Public-Domain","https://www.nist.gov/ctl/smart-connected-systems-division/smart-connected-manufacturing-systems-group/mbe-pmi-0","NIST MBE PMI Validation and Conformance Testing Project, National Institute of Standards and Technology","2026-09-25T10:42:43Z","b9f19b971e6aa16caef53a916ce479de332b9e96815ce79a21ce9a405eca4e86","US Gov work, 17 USC 105. FTC PMI definitions / annotation-ID drawings / feature-spec index (reference labels)"
"raw/nist/annotations/nist_ftc_11_asme1_rb_fsi.pdf","https://www.nist.gov/system/files/documents/noindex/2022/07/19/NIST_MBE_PMI_FTC_Definitions.zip#NIST_MBE_PMI_FTC_Definitions/nist_ftc_11_asme1_rb_fsi.pdf","Public-Domain","https://www.nist.gov/ctl/smart-connected-systems-division/smart-connected-manufacturing-systems-group/mbe-pmi-0","NIST MBE PMI Validation and Conformance Testing Project, National Institute of Standards and Technology","2026-09-25T10:42:43Z","bd556cefa2c8da1e685f24085b7602e08602231b583b7eb899f9da1a53758d25","US Gov work, 17 USC 105. FTC PMI definitions / annotation-ID drawings / feature-spec index (reference labels)"
"raw/nist/docs/ftc/nist_ftc_suppl_elem_visibility.pdf","https://www.nist.gov/system/files/documents/noindex/2022/07/19/NIST_MBE_PMI_FTC_Definitions.zip#NIST_MBE_PMI_FTC_Definitions/nist_ftc_suppl_elem_visibility.pdf","Public-Domain","https://www.nist.gov/ctl/smart-connected-systems-division/smart-connected-manufacturing-systems-group/mbe-pmi-0","NIST MBE PMI Validation and Conformance Testing Project, National Institute of Standards and Technology","2026-09-25T10:42:43Z","1c0b9354adbcb853211d3c5d91b63b032bf1d577ba7b732d2e9e9cc66008b21b","US Gov work, 17 USC 105. FTC README (contains public-domain statement) and supplementary docs"
"raw/nist/docs/ftc/README.txt","https://www.nist.gov/system/files/documents/noindex/2022/07/19/NIST_MBE_PMI_FTC_Definitions.zip#NIST_MBE_PMI_FTC_Definitions/README.txt","Public-Domain","https://www.nist.gov/ctl/smart-connected-systems-division/smart-connected-manufacturing-systems-group/mbe-pmi-0","NIST MBE PMI Validation and Conformance Testing Project, National Institute of Standards and Technology","2026-09-25T10:42:43Z","a2fbaa562120251ec0a9654458f2e68fbeddc6f5c51ca14ff9c3cf3996b11936","US Gov work, 17 USC 105. FTC README (contains public-domain statement) and supplementary docs"
