file_name,source_url,licence,licence_url,attribution,downloaded_at,sha256,notes
raw/oshw/devsonni__Community-Extrusion-Compression-Moulding-Machies/Bearing_Body_Modified.pdf,https://github.com/devsonni/Community-Extrusion-Compression-Moulding-Machies/blob/f6609635678242519319b6ad1cec2378aa9e81f6/2D%20draft/Modified%20draft/Bearing%20Body%20Modified.pdf,MIT,https://github.com/devsonni/Community-Extrusion-Compression-Moulding-Machies/blob/f6609635678242519319b6ad1cec2378aa9e81f6/LICENSE,Copyright (c) 2021 Dev Soni. Community-Extrusion-Compression-Moulding-Machies (GitHub),2026-10-01T12:31:27Z,aa3a8cb806237c660d8a38c134ddad79488672dd71b21fbfe4451e365327417e,open-hardware fabrication drawing; 1 page(s); repo path 2D draft/Modified draft/Bearing Body Modified.pdf; licence read from LICENSE at commit f66096356782; found via GitHub search (licence:MIT)
raw/oshw/devsonni__Community-Extrusion-Compression-Moulding-Machies/EXTPRO-V1_1121.01-A_Transition_Piece.pdf,https://github.com/devsonni/Community-Extrusion-Compression-Moulding-Machies/blob/f6609635678242519319b6ad1cec2378aa9e81f6/2D%20draft/Modified%20draft/EXTPRO-V1%201121.01-A%20Transition%20Piece.pdf,MIT,https://github.com/devsonni/Community-Extrusion-Compression-Moulding-Machies/blob/f6609635678242519319b6ad1cec2378aa9e81f6/LICENSE,Copyright (c) 2021 Dev Soni. Community-Extrusion-Compression-Moulding-Machies (GitHub),2026-10-01T12:31:27Z,a1fc75f409846d56af870341fcc42a5500c603dae424b908cbfa0eed4d5ba553,open-hardware fabrication drawing; 1 page(s); repo path 2D draft/Modified draft/EXTPRO-V1 1121.01-A Transition Piece.pdf; licence read from LICENSE at commit f66096356782; found via GitHub search (licence:MIT)
raw/oshw/devsonni__Community-Extrusion-Compression-Moulding-Machies/Flange_2_Modified.pdf,https://github.com/devsonni/Community-Extrusion-Compression-Moulding-Machies/blob/f6609635678242519319b6ad1cec2378aa9e81f6/2D%20draft/Modified%20draft/Flange%202%20Modified.pdf,MIT,https://github.com/devsonni/Community-Extrusion-Compression-Moulding-Machies/blob/f6609635678242519319b6ad1cec2378aa9e81f6/LICENSE,Copyright (c) 2021 Dev Soni. Community-Extrusion-Compression-Moulding-Machies (GitHub),2026-10-01T12:31:27Z,5262c887766fafc84a5fe405e11d5048cd4556f1db350f51aa2c7d1b822f8c6d,open-hardware fabrication drawing; 1 page(s); repo path 2D draft/Modified draft/Flange 2 Modified.pdf; licence read from LICENSE at commit f66096356782; found via GitHub search (licence:MIT)
raw/oshw/devsonni__Community-Extrusion-Compression-Moulding-Machies/Modified_Coupling_Shaft.pdf,https://github.com/devsonni/Community-Extrusion-Compression-Moulding-Machies/blob/f6609635678242519319b6ad1cec2378aa9e81f6/2D%20draft/Modified%20draft/Modified%20Coupling%20Shaft.pdf,MIT,https://github.com/devsonni/Community-Extrusion-Compression-Moulding-Machies/blob/f6609635678242519319b6ad1cec2378aa9e81f6/LICENSE,Copyright (c) 2021 Dev Soni. Community-Extrusion-Compression-Moulding-Machies (GitHub),2026-10-01T12:31:27Z,343b7666f9c7779e8f01001359ca7e7b9b8acf99a719a449e29dcd99da64475d,open-hardware fabrication drawing; 1 page(s); repo path 2D draft/Modified draft/Modified Coupling Shaft.pdf; licence read from LICENSE at commit f66096356782; found via GitHub search (licence:MIT)
raw/oshw/devsonni__Community-Extrusion-Compression-Moulding-Machies/ModifiedMotorFlange1.PDF,https://github.com/devsonni/Community-Extrusion-Compression-Moulding-Machies/blob/f6609635678242519319b6ad1cec2378aa9e81f6/2D%20draft/Modified%20draft/ModifiedMotorFlange1.PDF,MIT,https://github.com/devsonni/Community-Extrusion-Compression-Moulding-Machies/blob/f6609635678242519319b6ad1cec2378aa9e81f6/LICENSE,Copyright (c) 2021 Dev Soni. Community-Extrusion-Compression-Moulding-Machies (GitHub),2026-10-01T12:31:27Z,be1ca1fbfa1246492a14fd330567002660b539b80310df86879243972c959586,open-hardware fabrication drawing; 1 page(s); repo path 2D draft/Modified draft/ModifiedMotorFlange1.PDF; licence read from LICENSE at commit f66096356782; found via GitHub search (licence:MIT)
raw/oshw/devsonni__Community-Extrusion-Compression-Moulding-Machies/EXTPRO-V1_0000.00-A_Main_assembly.PDF,https://github.com/devsonni/Community-Extrusion-Compression-Moulding-Machies/blob/f6609635678242519319b6ad1cec2378aa9e81f6/2D%20draft/Precious%20Plastic/EXTPRO-V1%200000.00-A%20Main%20assembly.PDF,MIT,https://github.com/devsonni/Community-Extrusion-Compression-Moulding-Machies/blob/f6609635678242519319b6ad1cec2378aa9e81f6/LICENSE,Copyright (c) 2021 Dev Soni. Community-Extrusion-Compression-Moulding-Machies (GitHub),2026-10-01T12:31:27Z,ee86462c63ededb541f459087aba780c6bac57acb579407e1809494d56dd64b7,open-hardware fabrication drawing; 1 page(s); repo path 2D draft/Precious Plastic/EXTPRO-V1 0000.00-A Main assembly.PDF; licence read from LICENSE at commit f66096356782; found via GitHub search (licence:MIT)
raw/oshw/devsonni__Community-Extrusion-Compression-Moulding-Machies/EXTPRO-V1_1000.00-A_Extruder.PDF,https://github.com/devsonni/Community-Extrusion-Compression-Moulding-Machies/blob/f6609635678242519319b6ad1cec2378aa9e81f6/2D%20draft/Precious%20Plastic/EXTPRO-V1%201000.00-A%20Extruder.PDF,MIT,https://github.com/devsonni/Community-Extrusion-Compression-Moulding-Machies/blob/f6609635678242519319b6ad1cec2378aa9e81f6/LICENSE,Copyright (c) 2021 Dev Soni. Community-Extrusion-Compression-Moulding-Machies (GitHub),2026-10-01T12:31:27Z,e329587a417d89bf78199c86ea9e8877ce0da18da55f6e57afc631c7399a0fcc,open-hardware fabrication drawing; 1 page(s); repo path 2D draft/Precious Plastic/EXTPRO-V1 1000.00-A Extruder.PDF; licence read from LICENSE at commit f66096356782; found via GitHub search (licence:MIT)
raw/oshw/devsonni__Community-Extrusion-Compression-Moulding-Machies/EXTPRO-V1_1100.00-A_Screw_main_assembly.PDF,https://github.com/devsonni/Community-Extrusion-Compression-Moulding-Machies/blob/f6609635678242519319b6ad1cec2378aa9e81f6/2D%20draft/Precious%20Plastic/EXTPRO-V1%201100.00-A%20Screw%20main%20assembly.PDF,MIT,https://github.com/devsonni/Community-Extrusion-Compression-Moulding-Machies/blob/f6609635678242519319b6ad1cec2378aa9e81f6/LICENSE,Copyright (c) 2021 Dev Soni. Community-Extrusion-Compression-Moulding-Machies (GitHub),2026-10-01T12:31:27Z,cf6848ec25d7b49372f0d171212f363d6e5852d3c625544c19e9be44ab34eb96,open-hardware fabrication drawing; 1 page(s); repo path 2D draft/Precious Plastic/EXTPRO-V1 1100.00-A Screw main assembly.PDF; licence read from LICENSE at commit f66096356782; found via GitHub search (licence:MIT)
raw/oshw/devsonni__Community-Extrusion-Compression-Moulding-Machies/EXTPRO-V1_1100.01-A_Nozzle.PDF,https://github.com/devsonni/Community-Extrusion-Compression-Moulding-Machies/blob/f6609635678242519319b6ad1cec2378aa9e81f6/2D%20draft/Precious%20Plastic/EXTPRO-V1%201100.01-A%20Nozzle.PDF,MIT,https://github.com/devsonni/Community-Extrusion-Compression-Moulding-Machies/blob/f6609635678242519319b6ad1cec2378aa9e81f6/LICENSE,Copyright (c) 2021 Dev Soni. Community-Extrusion-Compression-Moulding-Machies (GitHub),2026-10-01T12:31:27Z,e0e39b679f6cc4f9e66036714e23584b6b6db6b9edbe9b5fee6dcd5094c61001,open-hardware fabrication drawing; 1 page(s); repo path 2D draft/Precious Plastic/EXTPRO-V1 1100.01-A Nozzle.PDF; licence read from LICENSE at commit f66096356782; found via GitHub search (licence:MIT)
raw/oshw/devsonni__Community-Extrusion-Compression-Moulding-Machies/EXTPRO-V1_1100.02-A_Screw.PDF,https://github.com/devsonni/Community-Extrusion-Compression-Moulding-Machies/blob/f6609635678242519319b6ad1cec2378aa9e81f6/2D%20draft/Precious%20Plastic/EXTPRO-V1%201100.02-A%20Screw.PDF,MIT,https://github.com/devsonni/Community-Extrusion-Compression-Moulding-Machies/blob/f6609635678242519319b6ad1cec2378aa9e81f6/LICENSE,Copyright (c) 2021 Dev Soni. Community-Extrusion-Compression-Moulding-Machies (GitHub),2026-10-01T12:31:27Z,dc79864a74c7f2bba7d3c59ad9ef7c720896f730f672f8aff00b927ed1db4a6a,open-hardware fabrication drawing; 1 page(s); repo path 2D draft/Precious Plastic/EXTPRO-V1 1100.02-A Screw.PDF; licence read from LICENSE at commit f66096356782; found via GitHub search (licence:MIT)
raw/oshw/devsonni__Community-Extrusion-Compression-Moulding-Machies/EXTPRO-V1_1100.03-A_Screw_tip.PDF,https://github.com/devsonni/Community-Extrusion-Compression-Moulding-Machies/blob/f6609635678242519319b6ad1cec2378aa9e81f6/2D%20draft/Precious%20Plastic/EXTPRO-V1%201100.03-A%20Screw%20tip.PDF,MIT,https://github.com/devsonni/Community-Extrusion-Compression-Moulding-Machies/blob/f6609635678242519319b6ad1cec2378aa9e81f6/LICENSE,Copyright (c) 2021 Dev Soni. Community-Extrusion-Compression-Moulding-Machies (GitHub),2026-10-01T12:31:27Z,2895d9c3ced55b5c1cc22503d3d757ea78d8812ab6aa376fa7f023c0d2400192,open-hardware fabrication drawing; 1 page(s); repo path 2D draft/Precious Plastic/EXTPRO-V1 1100.03-A Screw tip.PDF; licence read from LICENSE at commit f66096356782; found via GitHub search (licence:MIT)
raw/oshw/devsonni__Community-Extrusion-Compression-Moulding-Machies/EXTPRO-V1_1110.00-A_Gearbox_flange.PDF,https://github.com/devsonni/Community-Extrusion-Compression-Moulding-Machies/blob/f6609635678242519319b6ad1cec2378aa9e81f6/2D%20draft/Precious%20Plastic/EXTPRO-V1%201110.00-A%20Gearbox%20flange.PDF,MIT,https://github.com/devsonni/Community-Extrusion-Compression-Moulding-Machies/blob/f6609635678242519319b6ad1cec2378aa9e81f6/LICENSE,Copyright (c) 2021 Dev Soni. Community-Extrusion-Compression-Moulding-Machies (GitHub),2026-10-01T12:31:27Z,554053a46027a7590f7d01a0f5ad73393c12004f6835d9368cc50a01b2c795bd,open-hardware fabrication drawing; 1 page(s); repo path 2D draft/Precious Plastic/EXTPRO-V1 1110.00-A Gearbox flange.PDF; licence read from LICENSE at commit f66096356782; found via GitHub search (licence:MIT)
raw/oshw/BoujeeEnjinia1701__WasteWise-ml/WML-DWG-001.pdf,https://github.com/BoujeeEnjinia1701/WasteWise-ml/blob/0dd61f57c24badbc92076b2cc688e046994eb2b1/cad/drawings/WML-DWG-001.pdf,MIT,https://github.com/BoujeeEnjinia1701/WasteWise-ml/blob/0dd61f57c24badbc92076b2cc688e046994eb2b1/LICENSE,Copyright (c) 2026 Amish Chadha. WasteWise-ml (GitHub),2026-10-01T12:31:27Z,f1e0332768440393cddcd21ad60d02ea570e32d1aa2038b2928ebebb6cd75ac0,open-hardware fabrication drawing; 1 page(s); repo path cad/drawings/WML-DWG-001.pdf; licence read from LICENSE at commit 0dd61f57c24b; found via GitHub search (licence:MIT)
raw/oshw/BoujeeEnjinia1701__WasteWise-ml/WML-DWG-101.pdf,https://github.com/BoujeeEnjinia1701/WasteWise-ml/blob/0dd61f57c24badbc92076b2cc688e046994eb2b1/cad/drawings/WML-DWG-101.pdf,MIT,https://github.com/BoujeeEnjinia1701/WasteWise-ml/blob/0dd61f57c24badbc92076b2cc688e046994eb2b1/LICENSE,Copyright (c) 2026 Amish Chadha. WasteWise-ml (GitHub),2026-10-01T12:31:27Z,8b7d2944a60a1ff6c9953e4a5663d96bdcc0515e980dee0209285788305d6e35,open-hardware fabrication drawing; 1 page(s); repo path cad/drawings/WML-DWG-101.pdf; licence read from LICENSE at commit 0dd61f57c24b; found via GitHub search (licence:MIT)
raw/oshw/BoujeeEnjinia1701__WasteWise-ml/WML-DWG-102.pdf,https://github.com/BoujeeEnjinia1701/WasteWise-ml/blob/0dd61f57c24badbc92076b2cc688e046994eb2b1/cad/drawings/WML-DWG-102.pdf,MIT,https://github.com/BoujeeEnjinia1701/WasteWise-ml/blob/0dd61f57c24badbc92076b2cc688e046994eb2b1/LICENSE,Copyright (c) 2026 Amish Chadha. WasteWise-ml (GitHub),2026-10-01T12:31:27Z,f8aa1c6437773be3e68d2eff09d2d19e1c531b465784af5f8bd9bc7c15fccae0,open-hardware fabrication drawing; 1 page(s); repo path cad/drawings/WML-DWG-102.pdf; licence read from LICENSE at commit 0dd61f57c24b; found via GitHub search (licence:MIT)
raw/oshw/BoujeeEnjinia1701__WasteWise-ml/WML-DWG-103.pdf,https://github.com/BoujeeEnjinia1701/WasteWise-ml/blob/0dd61f57c24badbc92076b2cc688e046994eb2b1/cad/drawings/WML-DWG-103.pdf,MIT,https://github.com/BoujeeEnjinia1701/WasteWise-ml/blob/0dd61f57c24badbc92076b2cc688e046994eb2b1/LICENSE,Copyright (c) 2026 Amish Chadha. WasteWise-ml (GitHub),2026-10-01T12:31:27Z,30203c807d9c7cc641af8b0c3c2aef1c6ad0609bf7b4eee51a550a27573e0189,open-hardware fabrication drawing; 1 page(s); repo path cad/drawings/WML-DWG-103.pdf; licence read from LICENSE at commit 0dd61f57c24b; found via GitHub search (licence:MIT)
raw/oshw/BoujeeEnjinia1701__WasteWise-ml/WML-DWG-104.pdf,https://github.com/BoujeeEnjinia1701/WasteWise-ml/blob/0dd61f57c24badbc92076b2cc688e046994eb2b1/cad/drawings/WML-DWG-104.pdf,MIT,https://github.com/BoujeeEnjinia1701/WasteWise-ml/blob/0dd61f57c24badbc92076b2cc688e046994eb2b1/LICENSE,Copyright (c) 2026 Amish Chadha. WasteWise-ml (GitHub),2026-10-01T12:31:27Z,6ee935328da305f79214014b24082717bfeb45b1ae8e363f1f34c107b9513240,open-hardware fabrication drawing; 1 page(s); repo path cad/drawings/WML-DWG-104.pdf; licence read from LICENSE at commit 0dd61f57c24b; found via GitHub search (licence:MIT)
raw/oshw/BoujeeEnjinia1701__WasteWise-ml/WML-DWG-105.pdf,https://github.com/BoujeeEnjinia1701/WasteWise-ml/blob/0dd61f57c24badbc92076b2cc688e046994eb2b1/cad/drawings/WML-DWG-105.pdf,MIT,https://github.com/BoujeeEnjinia1701/WasteWise-ml/blob/0dd61f57c24badbc92076b2cc688e046994eb2b1/LICENSE,Copyright (c) 2026 Amish Chadha. WasteWise-ml (GitHub),2026-10-01T12:31:27Z,48aef23535b7cd9680d074d25c7458eb16b6b11b30da38cd957e936eac447131,open-hardware fabrication drawing; 1 page(s); repo path cad/drawings/WML-DWG-105.pdf; licence read from LICENSE at commit 0dd61f57c24b; found via GitHub search (licence:MIT)
raw/oshw/BoujeeEnjinia1701__WasteWise-ml/WML-DWG-106.pdf,https://github.com/BoujeeEnjinia1701/WasteWise-ml/blob/0dd61f57c24badbc92076b2cc688e046994eb2b1/cad/drawings/WML-DWG-106.pdf,MIT,https://github.com/BoujeeEnjinia1701/WasteWise-ml/blob/0dd61f57c24badbc92076b2cc688e046994eb2b1/LICENSE,Copyright (c) 2026 Amish Chadha. WasteWise-ml (GitHub),2026-10-01T12:31:27Z,2fdbce6f3e5a5e53f0e2a32e1e55d516e4009684901bf83b849c8ec4ffa26282,open-hardware fabrication drawing; 1 page(s); repo path cad/drawings/WML-DWG-106.pdf; licence read from LICENSE at commit 0dd61f57c24b; found via GitHub search (licence:MIT)
raw/oshw/BoujeeEnjinia1701__WasteWise-ml/WML-DWG-107.pdf,https://github.com/BoujeeEnjinia1701/WasteWise-ml/blob/0dd61f57c24badbc92076b2cc688e046994eb2b1/cad/drawings/WML-DWG-107.pdf,MIT,https://github.com/BoujeeEnjinia1701/WasteWise-ml/blob/0dd61f57c24badbc92076b2cc688e046994eb2b1/LICENSE,Copyright (c) 2026 Amish Chadha. WasteWise-ml (GitHub),2026-10-01T12:31:27Z,755ad0cb2cb08d3a6c4da186ef7e8d6fa993fb5919e78ecb59addf1d889dbb50,open-hardware fabrication drawing; 1 page(s); repo path cad/drawings/WML-DWG-107.pdf; licence read from LICENSE at commit 0dd61f57c24b; found via GitHub search (licence:MIT)
raw/oshw/BIRDSOpenSource__BIRDSX-CAD/0_2U_STD.pdf,https://github.com/BIRDSOpenSource/BIRDSX-CAD/blob/36bceeacc9f899477f2f10e36f8a65f7b58cb4ed/BIRDSX-Structure/Drawings/0_2U_STD.pdf,MIT,https://github.com/BIRDSOpenSource/BIRDSX-CAD/blob/36bceeacc9f899477f2f10e36f8a65f7b58cb4ed/LICENSE,"Copyright (c) 2024 BIRDS Project, Kyushu Institute of Technology. BIRDSX-CAD (GitHub)",2026-10-01T12:31:27Z,9f62c94c7a45eaaf32c229abfe9ceed3077a08fb8b3e2a7b2bd44bf2a814e015,open-hardware fabrication drawing; 1 page(s); repo path BIRDSX-Structure/Drawings/0_2U_STD.pdf; licence read from LICENSE at commit 36bceeacc9f8; found via GitHub search (licence:MIT)
raw/oshw/BIRDSOpenSource__BIRDSX-CAD/1_2U_STD.pdf,https://github.com/BIRDSOpenSource/BIRDSX-CAD/blob/36bceeacc9f899477f2f10e36f8a65f7b58cb4ed/BIRDSX-Structure/Drawings/1_2U_STD.pdf,MIT,https://github.com/BIRDSOpenSource/BIRDSX-CAD/blob/36bceeacc9f899477f2f10e36f8a65f7b58cb4ed/LICENSE,"Copyright (c) 2024 BIRDS Project, Kyushu Institute of Technology. BIRDSX-CAD (GitHub)",2026-10-01T12:31:27Z,97695cf119e11526bbdc14c05169db7afb17a6f8a49b78a067db285717285c5b,open-hardware fabrication drawing; 1 page(s); repo path BIRDSX-Structure/Drawings/1_2U_STD.pdf; licence read from LICENSE at commit 36bceeacc9f8; found via GitHub search (licence:MIT)
raw/oshw/BIRDSOpenSource__BIRDSX-CAD/2_2U_STD.pdf,https://github.com/BIRDSOpenSource/BIRDSX-CAD/blob/36bceeacc9f899477f2f10e36f8a65f7b58cb4ed/BIRDSX-Structure/Drawings/2_2U_STD.pdf,MIT,https://github.com/BIRDSOpenSource/BIRDSX-CAD/blob/36bceeacc9f899477f2f10e36f8a65f7b58cb4ed/LICENSE,"Copyright (c) 2024 BIRDS Project, Kyushu Institute of Technology. BIRDSX-CAD (GitHub)",2026-10-01T12:31:27Z,837f2332623d4066d96b4b79de8bade3ed351af69232136e65e05dbb0e1a04fa,open-hardware fabrication drawing; 2 page(s); repo path BIRDSX-Structure/Drawings/2_2U_STD.pdf; licence read from LICENSE at commit 36bceeacc9f8; found via GitHub search (licence:MIT)
raw/oshw/BIRDSOpenSource__BIRDSX-CAD/3_2U_STD.pdf,https://github.com/BIRDSOpenSource/BIRDSX-CAD/blob/36bceeacc9f899477f2f10e36f8a65f7b58cb4ed/BIRDSX-Structure/Drawings/3_2U_STD.pdf,MIT,https://github.com/BIRDSOpenSource/BIRDSX-CAD/blob/36bceeacc9f899477f2f10e36f8a65f7b58cb4ed/LICENSE,"Copyright (c) 2024 BIRDS Project, Kyushu Institute of Technology. BIRDSX-CAD (GitHub)",2026-10-01T12:31:27Z,1a47ebb67521ae5d106b7e9bfd9ac1424757ecb54f0ebbeaec7f4f937ccb76d4,open-hardware fabrication drawing; 1 page(s); repo path BIRDSX-Structure/Drawings/3_2U_STD.pdf; licence read from LICENSE at commit 36bceeacc9f8; found via GitHub search (licence:MIT)
raw/oshw/BIRDSOpenSource__BIRDSX-CAD/4_2U_STD.pdf,https://github.com/BIRDSOpenSource/BIRDSX-CAD/blob/36bceeacc9f899477f2f10e36f8a65f7b58cb4ed/BIRDSX-Structure/Drawings/4_2U_STD.pdf,MIT,https://github.com/BIRDSOpenSource/BIRDSX-CAD/blob/36bceeacc9f899477f2f10e36f8a65f7b58cb4ed/LICENSE,"Copyright (c) 2024 BIRDS Project, Kyushu Institute of Technology. BIRDSX-CAD (GitHub)",2026-10-01T12:31:27Z,1bc531906611fb280fc6b5f5bcef96d1b37b00585cb7775373bcc50a27b19a0e,open-hardware fabrication drawing; 1 page(s); repo path BIRDSX-Structure/Drawings/4_2U_STD.pdf; licence read from LICENSE at commit 36bceeacc9f8; found via GitHub search (licence:MIT)
raw/oshw/BIRDSOpenSource__BIRDSX-CAD/5_2U_STD.pdf,https://github.com/BIRDSOpenSource/BIRDSX-CAD/blob/36bceeacc9f899477f2f10e36f8a65f7b58cb4ed/BIRDSX-Structure/Drawings/5_2U_STD.pdf,MIT,https://github.com/BIRDSOpenSource/BIRDSX-CAD/blob/36bceeacc9f899477f2f10e36f8a65f7b58cb4ed/LICENSE,"Copyright (c) 2024 BIRDS Project, Kyushu Institute of Technology. BIRDSX-CAD (GitHub)",2026-10-01T12:31:27Z,7e6424860dc63397d141b38956cb5117f1776596cc23788d6a13b45ea1826795,open-hardware fabrication drawing; 1 page(s); repo path BIRDSX-Structure/Drawings/5_2U_STD.pdf; licence read from LICENSE at commit 36bceeacc9f8; found via GitHub search (licence:MIT)
raw/oshw/BIRDSOpenSource__BIRDSX-CAD/6_2U_STD.pdf,https://github.com/BIRDSOpenSource/BIRDSX-CAD/blob/36bceeacc9f899477f2f10e36f8a65f7b58cb4ed/BIRDSX-Structure/Drawings/6_2U_STD.pdf,MIT,https://github.com/BIRDSOpenSource/BIRDSX-CAD/blob/36bceeacc9f899477f2f10e36f8a65f7b58cb4ed/LICENSE,"Copyright (c) 2024 BIRDS Project, Kyushu Institute of Technology. BIRDSX-CAD (GitHub)",2026-10-01T12:31:27Z,d9692a99037c11c13c8152a05d70ffaa1650fa82925214fe271495cefaf73147,open-hardware fabrication drawing; 1 page(s); repo path BIRDSX-Structure/Drawings/6_2U_STD.pdf; licence read from LICENSE at commit 36bceeacc9f8; found via GitHub search (licence:MIT)
raw/oshw/BIRDSOpenSource__BIRDSX-CAD/7_2U_STD.pdf,https://github.com/BIRDSOpenSource/BIRDSX-CAD/blob/36bceeacc9f899477f2f10e36f8a65f7b58cb4ed/BIRDSX-Structure/Drawings/7_2U_STD.pdf,MIT,https://github.com/BIRDSOpenSource/BIRDSX-CAD/blob/36bceeacc9f899477f2f10e36f8a65f7b58cb4ed/LICENSE,"Copyright (c) 2024 BIRDS Project, Kyushu Institute of Technology. BIRDSX-CAD (GitHub)",2026-10-01T12:31:27Z,5c74d76f6b66bc30983ca7c63a05e803d191ff6a6cf757a4f4f049dcd50377cb,open-hardware fabrication drawing; 1 page(s); repo path BIRDSX-Structure/Drawings/7_2U_STD.pdf; licence read from LICENSE at commit 36bceeacc9f8; found via GitHub search (licence:MIT)
raw/oshw/BIRDSOpenSource__BIRDSX-CAD/8_2U_STD.pdf,https://github.com/BIRDSOpenSource/BIRDSX-CAD/blob/36bceeacc9f899477f2f10e36f8a65f7b58cb4ed/BIRDSX-Structure/Drawings/8_2U_STD.pdf,MIT,https://github.com/BIRDSOpenSource/BIRDSX-CAD/blob/36bceeacc9f899477f2f10e36f8a65f7b58cb4ed/LICENSE,"Copyright (c) 2024 BIRDS Project, Kyushu Institute of Technology. BIRDSX-CAD (GitHub)",2026-10-01T12:31:27Z,22e49dfe2c12261a15c67cd77688cbcb155e8da52694d2dbdba99a725762dbfa,open-hardware fabrication drawing; 1 page(s); repo path BIRDSX-Structure/Drawings/8_2U_STD.pdf; licence read from LICENSE at commit 36bceeacc9f8; found via GitHub search (licence:MIT)
raw/oshw/tonykoop__ashiko-drum-workshop/Arbor-to-60deg-Cone-Adapter.pdf,https://github.com/tonykoop/ashiko-drum-workshop/blob/5670f8fce66a7cdbf154787c4e0666d18e52f4ce/CAD/lathe-fixture/Arbor-to-60deg-Cone-Adapter.pdf,CC-BY-4.0,https://github.com/tonykoop/ashiko-drum-workshop/blob/5670f8fce66a7cdbf154787c4e0666d18e52f4ce/LICENSE,"tonykoop, ashiko-drum-workshop (GitHub), CC BY 4.0",2026-10-01T12:31:27Z,0fb5c8fc4cf4d95fb2e5888a573bf1e0254f22e6870634dae8d854edb8b72f7c,open-hardware fabrication drawing; 1 page(s); repo path CAD/lathe-fixture/Arbor-to-60deg-Cone-Adapter.pdf; licence read from LICENSE at commit 5670f8fce66a; found via GitHub search (licence:CC-BY-4.0)
raw/oshw/tonykoop__ashiko-drum-workshop/19_in_Stave_V2.PDF,https://github.com/tonykoop/ashiko-drum-workshop/blob/5670f8fce66a7cdbf154787c4e0666d18e52f4ce/docs/Ashiko%20Makers%20Club/PDFs/19%20in%20Stave%20V2.PDF,CC-BY-4.0,https://github.com/tonykoop/ashiko-drum-workshop/blob/5670f8fce66a7cdbf154787c4e0666d18e52f4ce/LICENSE,"tonykoop, ashiko-drum-workshop (GitHub), CC BY 4.0",2026-10-01T12:31:27Z,429b61d99a8176fbac8a21e6308bbcdf0d9516ed72049339b61f4c5d0105225d,open-hardware fabrication drawing; 1 page(s); repo path docs/Ashiko Makers Club/PDFs/19 in Stave V2.PDF; licence read from LICENSE at commit 5670f8fce66a; found via GitHub search (licence:CC-BY-4.0)
raw/oshw/tonykoop__ashiko-drum-workshop/19in_Stave_V3.PDF,https://github.com/tonykoop/ashiko-drum-workshop/blob/5670f8fce66a7cdbf154787c4e0666d18e52f4ce/docs/Ashiko%20Makers%20Club/PDFs/19in%20Stave%20V3.PDF,CC-BY-4.0,https://github.com/tonykoop/ashiko-drum-workshop/blob/5670f8fce66a7cdbf154787c4e0666d18e52f4ce/LICENSE,"tonykoop, ashiko-drum-workshop (GitHub), CC BY 4.0",2026-10-01T12:31:27Z,d04846c6daf8ee68143b55f1a6a7ffca914e43e69540903d84025eac94ebdcc0,open-hardware fabrication drawing; 1 page(s); repo path docs/Ashiko Makers Club/PDFs/19in Stave V3.PDF; licence read from LICENSE at commit 5670f8fce66a; found via GitHub search (licence:CC-BY-4.0)
raw/oshw/tonykoop__ashiko-drum-workshop/1inch_keyed_steel_drive_shaft_V2.PDF,https://github.com/tonykoop/ashiko-drum-workshop/blob/5670f8fce66a7cdbf154787c4e0666d18e52f4ce/docs/Ashiko%20Makers%20Club/PDFs/1inch%20keyed%20steel%20drive%20shaft%20V2.PDF,CC-BY-4.0,https://github.com/tonykoop/ashiko-drum-workshop/blob/5670f8fce66a7cdbf154787c4e0666d18e52f4ce/LICENSE,"tonykoop, ashiko-drum-workshop (GitHub), CC BY 4.0",2026-10-01T12:31:27Z,0d6610e3f8eb86a106a15eb2645dcdaefc3bc7d81f112edfcb9b44195aacee1d,open-hardware fabrication drawing; 1 page(s); repo path docs/Ashiko Makers Club/PDFs/1inch keyed steel drive shaft V2.PDF; licence read from LICENSE at commit 5670f8fce66a; found via GitHub search (licence:CC-BY-4.0)
raw/oshw/tonykoop__ashiko-drum-workshop/Large_Block_of_Wood.PDF,https://github.com/tonykoop/ashiko-drum-workshop/blob/5670f8fce66a7cdbf154787c4e0666d18e52f4ce/docs/Ashiko%20Makers%20Club/PDFs/Large%20Block%20of%20Wood.PDF,CC-BY-4.0,https://github.com/tonykoop/ashiko-drum-workshop/blob/5670f8fce66a7cdbf154787c4e0666d18e52f4ce/LICENSE,"tonykoop, ashiko-drum-workshop (GitHub), CC BY 4.0",2026-10-01T12:31:27Z,d12eb96b25509b16f86fceb3248204a382eca0740ffc5ba96ed43d365440ed64,open-hardware fabrication drawing; 1 page(s); repo path docs/Ashiko Makers Club/PDFs/Large Block of Wood.PDF; licence read from LICENSE at commit 5670f8fce66a; found via GitHub search (licence:CC-BY-4.0)
raw/oshw/tonykoop__ashiko-drum-workshop/Shaft_Modifications.PDF,https://github.com/tonykoop/ashiko-drum-workshop/blob/5670f8fce66a7cdbf154787c4e0666d18e52f4ce/docs/Ashiko%20Makers%20Club/Shaft%20Modifications.PDF,CC-BY-4.0,https://github.com/tonykoop/ashiko-drum-workshop/blob/5670f8fce66a7cdbf154787c4e0666d18e52f4ce/LICENSE,"tonykoop, ashiko-drum-workshop (GitHub), CC BY 4.0",2026-10-01T12:31:27Z,8d5daa6b1ecdc758ecf6184132660ff0d60509019a64c386ba99082cbfee1eea,open-hardware fabrication drawing; 1 page(s); repo path docs/Ashiko Makers Club/Shaft Modifications.PDF; licence read from LICENSE at commit 5670f8fce66a; found via GitHub search (licence:CC-BY-4.0)
raw/oshw/CiTOS-ULiege__Tools-for-Flow-Chemistry/PTFE_disc.pdf,https://github.com/CiTOS-ULiege/Tools-for-Flow-Chemistry/blob/1b58236501dc3e6128e19c7d8c8238c9208ea31e/Pressure-Transducer-CiTOS-V1/STEP-files-and-2D-drawings/PTFE_disc.pdf,CERN-OHL-P-2.0,https://github.com/CiTOS-ULiege/Tools-for-Flow-Chemistry/blob/1b58236501dc3e6128e19c7d8c8238c9208ea31e/Pressure-Transducer-CiTOS-V1/LICENSE.md,"CiTOS, University of Liege. Tools-for-Flow-Chemistry / Pressure-Transducer-CiTOS-V1 (GitHub)",2026-10-01T12:31:27Z,33c661e78324b8c23a38292f4fd3cbf2e13e40dd036b4ce9ed0c61e52244ce09,open-hardware fabrication drawing; 1 page(s); repo path Pressure-Transducer-CiTOS-V1/STEP-files-and-2D-drawings/PTFE_disc.pdf; licence read from Pressure-Transducer-CiTOS-V1/LICENSE.md at commit 1b58236501dc; found via GitHub search (licence:CERN-OHL-P-2.0)
raw/oshw/CiTOS-ULiege__Tools-for-Flow-Chemistry/bottom_sensor_holder.pdf,https://github.com/CiTOS-ULiege/Tools-for-Flow-Chemistry/blob/1b58236501dc3e6128e19c7d8c8238c9208ea31e/Pressure-Transducer-CiTOS-V1/STEP-files-and-2D-drawings/bottom_sensor_holder.pdf,CERN-OHL-P-2.0,https://github.com/CiTOS-ULiege/Tools-for-Flow-Chemistry/blob/1b58236501dc3e6128e19c7d8c8238c9208ea31e/Pressure-Transducer-CiTOS-V1/LICENSE.md,"CiTOS, University of Liege. Tools-for-Flow-Chemistry / Pressure-Transducer-CiTOS-V1 (GitHub)",2026-10-01T12:31:27Z,5e16ab6734bf294fc1c4cdbc281f93f82a3a4f1b41aef41cf8c53dce10a4b401,open-hardware fabrication drawing; 1 page(s); repo path Pressure-Transducer-CiTOS-V1/STEP-files-and-2D-drawings/bottom_sensor_holder.pdf; licence read from Pressure-Transducer-CiTOS-V1/LICENSE.md at commit 1b58236501dc; found via GitHub search (licence:CERN-OHL-P-2.0)
raw/oshw/CiTOS-ULiege__Tools-for-Flow-Chemistry/holder_cylindical_body.pdf,https://github.com/CiTOS-ULiege/Tools-for-Flow-Chemistry/blob/1b58236501dc3e6128e19c7d8c8238c9208ea31e/Pressure-Transducer-CiTOS-V1/STEP-files-and-2D-drawings/holder_cylindical_body.pdf,CERN-OHL-P-2.0,https://github.com/CiTOS-ULiege/Tools-for-Flow-Chemistry/blob/1b58236501dc3e6128e19c7d8c8238c9208ea31e/Pressure-Transducer-CiTOS-V1/LICENSE.md,"CiTOS, University of Liege. Tools-for-Flow-Chemistry / Pressure-Transducer-CiTOS-V1 (GitHub)",2026-10-01T12:31:27Z,63902ac0cae7cdf9449379cc661ed5c9082b3f388a77e216d7060ead1a0e0326,open-hardware fabrication drawing; 1 page(s); repo path Pressure-Transducer-CiTOS-V1/STEP-files-and-2D-drawings/holder_cylindical_body.pdf; licence read from Pressure-Transducer-CiTOS-V1/LICENSE.md at commit 1b58236501dc; found via GitHub search (licence:CERN-OHL-P-2.0)
raw/oshw/CiTOS-ULiege__Tools-for-Flow-Chemistry/holding_plate.pdf,https://github.com/CiTOS-ULiege/Tools-for-Flow-Chemistry/blob/1b58236501dc3e6128e19c7d8c8238c9208ea31e/Pressure-Transducer-CiTOS-V1/STEP-files-and-2D-drawings/holding_plate.pdf,CERN-OHL-P-2.0,https://github.com/CiTOS-ULiege/Tools-for-Flow-Chemistry/blob/1b58236501dc3e6128e19c7d8c8238c9208ea31e/Pressure-Transducer-CiTOS-V1/LICENSE.md,"CiTOS, University of Liege. Tools-for-Flow-Chemistry / Pressure-Transducer-CiTOS-V1 (GitHub)",2026-10-01T12:31:27Z,54bc77fa536fd68282fb577634ae9e8de8db024a340e23a209600f51d439424d,open-hardware fabrication drawing; 1 page(s); repo path Pressure-Transducer-CiTOS-V1/STEP-files-and-2D-drawings/holding_plate.pdf; licence read from Pressure-Transducer-CiTOS-V1/LICENSE.md at commit 1b58236501dc; found via GitHub search (licence:CERN-OHL-P-2.0)
raw/oshw/CiTOS-ULiege__Tools-for-Flow-Chemistry/holding_plate_unfolded.pdf,https://github.com/CiTOS-ULiege/Tools-for-Flow-Chemistry/blob/1b58236501dc3e6128e19c7d8c8238c9208ea31e/Pressure-Transducer-CiTOS-V1/STEP-files-and-2D-drawings/holding_plate_unfolded.pdf,CERN-OHL-P-2.0,https://github.com/CiTOS-ULiege/Tools-for-Flow-Chemistry/blob/1b58236501dc3e6128e19c7d8c8238c9208ea31e/Pressure-Transducer-CiTOS-V1/LICENSE.md,"CiTOS, University of Liege. Tools-for-Flow-Chemistry / Pressure-Transducer-CiTOS-V1 (GitHub)",2026-10-01T12:31:27Z,51a76da05674b5cb975809f750aca71ff171d4f00a97f33cbe045b900bd92591,open-hardware fabrication drawing; 1 page(s); repo path Pressure-Transducer-CiTOS-V1/STEP-files-and-2D-drawings/holding_plate_unfolded.pdf; licence read from Pressure-Transducer-CiTOS-V1/LICENSE.md at commit 1b58236501dc; found via GitHub search (licence:CERN-OHL-P-2.0)
raw/oshw/CiTOS-ULiege__Tools-for-Flow-Chemistry/top_holder.pdf,https://github.com/CiTOS-ULiege/Tools-for-Flow-Chemistry/blob/1b58236501dc3e6128e19c7d8c8238c9208ea31e/Pressure-Transducer-CiTOS-V1/STEP-files-and-2D-drawings/top_holder.pdf,CERN-OHL-P-2.0,https://github.com/CiTOS-ULiege/Tools-for-Flow-Chemistry/blob/1b58236501dc3e6128e19c7d8c8238c9208ea31e/Pressure-Transducer-CiTOS-V1/LICENSE.md,"CiTOS, University of Liege. Tools-for-Flow-Chemistry / Pressure-Transducer-CiTOS-V1 (GitHub)",2026-10-01T12:31:27Z,da49f9b650353f963d0433b0a8051cf2325423395b9400aa0f92c1efe335d600,open-hardware fabrication drawing; 1 page(s); repo path Pressure-Transducer-CiTOS-V1/STEP-files-and-2D-drawings/top_holder.pdf; licence read from Pressure-Transducer-CiTOS-V1/LICENSE.md at commit 1b58236501dc; found via GitHub search (licence:CERN-OHL-P-2.0)
raw/oshw/gchen19__AnkusDrive/cbblock_demo.pdf,https://github.com/gchen19/AnkusDrive/blob/d999a2c96be24950d37f52df52748ef023f1f292/artifacts/drawings/cbblock_demo.pdf,Apache-2.0,https://github.com/gchen19/AnkusDrive/blob/d999a2c96be24950d37f52df52748ef023f1f292/LICENSE,"gchen19, AnkusDrive (GitHub), Apache License 2.0",2026-10-01T12:31:27Z,3eef5dade8819e1d16696e21e1650c2271ab583227c781e1792979456fcb54c7,open-hardware fabrication drawing; 1 page(s); repo path artifacts/drawings/cbblock_demo.pdf; licence read from LICENSE at commit d999a2c96be2; found via GitHub search (licence:Apache-2.0)
raw/oshw/gchen19__AnkusDrive/fc_bracket_demo.pdf,https://github.com/gchen19/AnkusDrive/blob/d999a2c96be24950d37f52df52748ef023f1f292/artifacts/drawings/fc_bracket_demo.pdf,Apache-2.0,https://github.com/gchen19/AnkusDrive/blob/d999a2c96be24950d37f52df52748ef023f1f292/LICENSE,"gchen19, AnkusDrive (GitHub), Apache License 2.0",2026-10-01T12:31:27Z,d8b8236be1e7a13688f2973218ed9cd2820e8b1e435b8c7a1568c0022dae4ba0,open-hardware fabrication drawing; 1 page(s); repo path artifacts/drawings/fc_bracket_demo.pdf; licence read from LICENSE at commit d999a2c96be2; found via GitHub search (licence:Apache-2.0)
raw/oshw/gchen19__AnkusDrive/lbracket_demo.pdf,https://github.com/gchen19/AnkusDrive/blob/d999a2c96be24950d37f52df52748ef023f1f292/artifacts/drawings/lbracket_demo.pdf,Apache-2.0,https://github.com/gchen19/AnkusDrive/blob/d999a2c96be24950d37f52df52748ef023f1f292/LICENSE,"gchen19, AnkusDrive (GitHub), Apache License 2.0",2026-10-01T12:31:27Z,e05dddb2eff6560ce822e3fac905d822dff525b72f747f7e45b30029f83582cb,open-hardware fabrication drawing; 1 page(s); repo path artifacts/drawings/lbracket_demo.pdf; licence read from LICENSE at commit d999a2c96be2; found via GitHub search (licence:Apache-2.0)
raw/oshw/gchen19__AnkusDrive/plate_demo.pdf,https://github.com/gchen19/AnkusDrive/blob/d999a2c96be24950d37f52df52748ef023f1f292/artifacts/drawings/plate_demo.pdf,Apache-2.0,https://github.com/gchen19/AnkusDrive/blob/d999a2c96be24950d37f52df52748ef023f1f292/LICENSE,"gchen19, AnkusDrive (GitHub), Apache License 2.0",2026-10-01T12:31:27Z,2edba8fd13fdf281b7db88e22ad94f57ac5eb6dd9b1feaacfa30cfbb2d72ae66,open-hardware fabrication drawing; 1 page(s); repo path artifacts/drawings/plate_demo.pdf; licence read from LICENSE at commit d999a2c96be2; found via GitHub search (licence:Apache-2.0)
raw/oshw/siderakb__calcite/Calcite52_cnc_case_Drawing.pdf,https://github.com/siderakb/calcite/blob/7f050f32910d2c6fc9c757f1fdb8f7da6e80d6e1/Calcite52/case/cnc/Calcite52_cnc_case_Drawing.pdf,CERN-OHL-P-2.0,https://github.com/siderakb/calcite/blob/7f050f32910d2c6fc9c757f1fdb8f7da6e80d6e1/LICENSE,"siderakb, calcite (GitHub), CERN-OHL-P-2.0",2026-10-01T12:31:27Z,e52f95c1b9cebdd2672148b04afdee24b43d86a0ca3a50564fbe5536fdea97f2,open-hardware fabrication drawing; 1 page(s); repo path Calcite52/case/cnc/Calcite52_cnc_case_Drawing.pdf; licence read from LICENSE at commit 7f050f32910d; found via GitHub search (licence:CERN-OHL-P-2.0)
raw/oshw/siderakb__calcite/calcite60_case_bottom_drawing.pdf,https://github.com/siderakb/calcite/blob/7f050f32910d2c6fc9c757f1fdb8f7da6e80d6e1/Calcite60/case/calcite60_case_bottom_drawing.pdf,CERN-OHL-P-2.0,https://github.com/siderakb/calcite/blob/7f050f32910d2c6fc9c757f1fdb8f7da6e80d6e1/LICENSE,"siderakb, calcite (GitHub), CERN-OHL-P-2.0",2026-10-01T12:31:27Z,c6cb02239d8b5b1643ab12cc4ec6d767f14c0a18959c4472b65584c9ff8a2d6f,open-hardware fabrication drawing; 1 page(s); repo path Calcite60/case/calcite60_case_bottom_drawing.pdf; licence read from LICENSE at commit 7f050f32910d; found via GitHub search (licence:CERN-OHL-P-2.0)
raw/oshw/siderakb__calcite/calcite60_case_top_drawing.pdf,https://github.com/siderakb/calcite/blob/7f050f32910d2c6fc9c757f1fdb8f7da6e80d6e1/Calcite60/case/calcite60_case_top_drawing.pdf,CERN-OHL-P-2.0,https://github.com/siderakb/calcite/blob/7f050f32910d2c6fc9c757f1fdb8f7da6e80d6e1/LICENSE,"siderakb, calcite (GitHub), CERN-OHL-P-2.0",2026-10-01T12:31:27Z,1a68b9a7cb8e1faa99599f547fd1dc96b9cd66c881c3b003d4c11768c4aca369,open-hardware fabrication drawing; 1 page(s); repo path Calcite60/case/calcite60_case_top_drawing.pdf; licence read from LICENSE at commit 7f050f32910d; found via GitHub search (licence:CERN-OHL-P-2.0)
raw/oshw/nmstreethran__paper-based-microfluidics/prototype1_lamination.pdf,https://github.com/nmstreethran/paper-based-microfluidics/blob/cdbcf0ec5c377899db9293d9dc205626d1c4cb8a/CAD_files/concept_1/prototype1_lamination.pdf,MIT,https://github.com/nmstreethran/paper-based-microfluidics/blob/cdbcf0ec5c377899db9293d9dc205626d1c4cb8a/LICENSE.txt,Copyright (c) 2016-2022 Nithiya Streethran. paper-based-microfluidics (GitHub),2026-10-01T12:31:27Z,7b04482e9502328e900fecd739edda6e201ba968b8a6b67165eb709c8078ca3f,open-hardware fabrication drawing; 1 page(s); repo path CAD_files/concept_1/prototype1_lamination.pdf; licence read from LICENSE.txt at commit cdbcf0ec5c37; found via GitHub search (licence:MIT)
raw/oshw/nmstreethran__paper-based-microfluidics/heriotwatt_lamination.pdf,https://github.com/nmstreethran/paper-based-microfluidics/blob/cdbcf0ec5c377899db9293d9dc205626d1c4cb8a/CAD_files/concept_3/heriotwatt_lamination.pdf,MIT,https://github.com/nmstreethran/paper-based-microfluidics/blob/cdbcf0ec5c377899db9293d9dc205626d1c4cb8a/LICENSE.txt,Copyright (c) 2016-2022 Nithiya Streethran. paper-based-microfluidics (GitHub),2026-10-01T12:31:27Z,a2b14d0824baaa27d94f43d81887206b560abac6073145af82f3a37efd658025,open-hardware fabrication drawing; 1 page(s); repo path CAD_files/concept_3/heriotwatt_lamination.pdf; licence read from LICENSE.txt at commit cdbcf0ec5c37; found via GitHub search (licence:MIT)
raw/oshw/nmstreethran__paper-based-microfluidics/96_lamination.pdf,https://github.com/nmstreethran/paper-based-microfluidics/blob/cdbcf0ec5c377899db9293d9dc205626d1c4cb8a/CAD_files/concept_4/96_lamination.pdf,MIT,https://github.com/nmstreethran/paper-based-microfluidics/blob/cdbcf0ec5c377899db9293d9dc205626d1c4cb8a/LICENSE.txt,Copyright (c) 2016-2022 Nithiya Streethran. paper-based-microfluidics (GitHub),2026-10-01T12:31:27Z,9f82d1881a36cbea517484ed790137d59099bcf66aebd230135aed87ef82f218,open-hardware fabrication drawing; 1 page(s); repo path CAD_files/concept_4/96_lamination.pdf; licence read from LICENSE.txt at commit cdbcf0ec5c37; found via GitHub search (licence:MIT)
raw/oshw/aryan-pandharipande__Generative-Drone-Frame-Optimization/Generative_Drone_Frame_Drawing.pdf,https://github.com/aryan-pandharipande/Generative-Drone-Frame-Optimization/blob/7abb410d22b6303373a4a1806b5520b0d13f799a/drawings/Generative%20Drone%20Frame%20Drawing.pdf,MIT,https://github.com/aryan-pandharipande/Generative-Drone-Frame-Optimization/blob/7abb410d22b6303373a4a1806b5520b0d13f799a/LICENSE,Copyright (c) 2026 Aryan Pandharipande. Generative-Drone-Frame-Optimization (GitHub),2026-10-01T12:31:27Z,93e49926c814873393d2b3a89af005e9258277dd238f86d00ab28206887185d4,open-hardware fabrication drawing; 1 page(s); repo path drawings/Generative Drone Frame Drawing.pdf; licence read from LICENSE at commit 7abb410d22b6; found via GitHub search (licence:MIT)
raw/oshw/MSF3Dprinting__Universal-Mounting-System/UMS_Drawing.pdf,https://github.com/MSF3Dprinting/Universal-Mounting-System/blob/0abdf815cc97bb6518b4d37602e06799e0f99e40/drawings/UMS%20Drawing.pdf,MIT,https://github.com/MSF3Dprinting/Universal-Mounting-System/blob/0abdf815cc97bb6518b4d37602e06799e0f99e40/LICENSE,Copyright (c) 2026 MSF3Dprinting. Universal-Mounting-System (GitHub); OSHWA certified KE000001,2026-10-01T22:16:33Z,f92039fe9d9481738287e94b53003a9f37d834693dc1786985fc22d4c5d3f4c3,"open-hardware fabrication drawing; 1 page(s); found via the OSHWA certification directory (KE000001: hardware MIT, documentation MIT); licence read from LICENSE at commit 0abdf815cc97"
raw/oshw/BrainCOGS__Microscope/BinderTeachingLabParts_corrected.pdf,https://github.com/BrainCOGS/Microscope/blob/54181bbb05da11628b9a234c9aa6f7cf26d792cc/parts/Drawings/BinderTeachingLabParts_corrected.pdf,CC-BY-4.0,https://github.com/BrainCOGS/Microscope/blob/54181bbb05da11628b9a234c9aa6f7cf26d792cc/LICENSE,"BrainCOGS (Princeton Neuroscience Institute), Microscope (GitHub), CC BY 4.0; OSHWA certified US002677",2026-10-01T22:16:37Z,3782b0871570872dd2fdbd02cbd8bddb1a4231a735a1f7adecd470a1e6bbb2cb,"open-hardware fabrication drawing; 19 page(s); found via the OSHWA certification directory (US002677: hardware CC-BY-4.0, documentation CC-BY-4.0); licence read from LICENSE at commit 54181bbb05da"
raw/oshw/BrainCOGS__Microscope/CNC_enclosure.pdf,https://github.com/BrainCOGS/Microscope/blob/54181bbb05da11628b9a234c9aa6f7cf26d792cc/parts/Drawings/CNC_enclosure.pdf,CC-BY-4.0,https://github.com/BrainCOGS/Microscope/blob/54181bbb05da11628b9a234c9aa6f7cf26d792cc/LICENSE,"BrainCOGS (Princeton Neuroscience Institute), Microscope (GitHub), CC BY 4.0; OSHWA certified US002677",2026-10-01T22:16:37Z,7d4b0b797ad1d519dc3a5abead9a2c1369886a8022c6f142ff91f0467ffe1d74,"open-hardware fabrication drawing; 1 page(s); found via the OSHWA certification directory (US002677: hardware CC-BY-4.0, documentation CC-BY-4.0); licence read from LICENSE at commit 54181bbb05da"
raw/oshw/BrainCOGS__Microscope/CNC_enclosure2.pdf,https://github.com/BrainCOGS/Microscope/blob/54181bbb05da11628b9a234c9aa6f7cf26d792cc/parts/Drawings/CNC_enclosure2.pdf,CC-BY-4.0,https://github.com/BrainCOGS/Microscope/blob/54181bbb05da11628b9a234c9aa6f7cf26d792cc/LICENSE,"BrainCOGS (Princeton Neuroscience Institute), Microscope (GitHub), CC BY 4.0; OSHWA certified US002677",2026-10-01T22:16:37Z,13d42ebcd3b7ad936a2df3c317da57159d2088e9e15cedf098064898482197d8,"open-hardware fabrication drawing; 1 page(s); found via the OSHWA certification directory (US002677: hardware CC-BY-4.0, documentation CC-BY-4.0); licence read from LICENSE at commit 54181bbb05da"
raw/oshw/BrainCOGS__Microscope/CNC_enclosure_TopCover.pdf,https://github.com/BrainCOGS/Microscope/blob/54181bbb05da11628b9a234c9aa6f7cf26d792cc/parts/Drawings/CNC_enclosure_TopCover.pdf,CC-BY-4.0,https://github.com/BrainCOGS/Microscope/blob/54181bbb05da11628b9a234c9aa6f7cf26d792cc/LICENSE,"BrainCOGS (Princeton Neuroscience Institute), Microscope (GitHub), CC BY 4.0; OSHWA certified US002677",2026-10-01T22:16:37Z,f190f8c409e0a24364dea1e66f07c6710f243c05caba397a98a7f753c712c00b,"open-hardware fabrication drawing; 1 page(s); found via the OSHWA certification directory (US002677: hardware CC-BY-4.0, documentation CC-BY-4.0); licence read from LICENSE at commit 54181bbb05da"
raw/oshw/zenodo_7380380/Adjustable_slit_aperture.pdf,https://zenodo.org/api/records/7380380/files/Design%20files.zip/content#Design files/Adjustable_slit_aperture.pdf,CC-BY-4.0,https://zenodo.org/records/7380380,"Christian Niederauer (2022). Design files for ""The K2: Open-source simultaneous triple-color TIRF microscope for live cell and single molecule imaging"". Zenodo. doi:10.5281/zenodo.7380380",2026-10-01T22:27:27Z,da433354cb155ee06aa983850332ad53a1e474c075ff1438ccbb12c8629ebee4,open-hardware fabrication drawing; 1 page(s); Zenodo record licence CC-BY-4.0 (https://creativecommons.org/licenses/by/4.0/); extracted unchanged from Design files.zip; institute stamps 'archief'/'voorlopig' on some sheets
raw/oshw/zenodo_7380380/Cage_assembly_adapter_plate.pdf,https://zenodo.org/api/records/7380380/files/Design%20files.zip/content#Design files/Cage_assembly_adapter_plate.pdf,CC-BY-4.0,https://zenodo.org/records/7380380,"Christian Niederauer (2022). Design files for ""The K2: Open-source simultaneous triple-color TIRF microscope for live cell and single molecule imaging"". Zenodo. doi:10.5281/zenodo.7380380",2026-10-01T22:27:27Z,44f69316ee6b5018aa0a2a41be5869badf4a108330728470228e195cce2ad54d,open-hardware fabrication drawing; 1 page(s); Zenodo record licence CC-BY-4.0 (https://creativecommons.org/licenses/by/4.0/); extracted unchanged from Design files.zip; institute stamps 'archief'/'voorlopig' on some sheets
raw/oshw/zenodo_7380380/Gustafsson_alignment_tool.pdf,https://zenodo.org/api/records/7380380/files/Design%20files.zip/content#Design files/Gustafsson_alignment_tool.pdf,CC-BY-4.0,https://zenodo.org/records/7380380,"Christian Niederauer (2022). Design files for ""The K2: Open-source simultaneous triple-color TIRF microscope for live cell and single molecule imaging"". Zenodo. doi:10.5281/zenodo.7380380",2026-10-01T22:27:27Z,ec0fcfa91c1ba0e84d00362b83a318e8a13e4b0b95ea9b486f77c8100e3e64ae,open-hardware fabrication drawing; 1 page(s); Zenodo record licence CC-BY-4.0 (https://creativecommons.org/licenses/by/4.0/); extracted unchanged from Design files.zip; institute stamps 'archief'/'voorlopig' on some sheets
raw/oshw/zenodo_7380380/Housing_1.pdf,https://zenodo.org/api/records/7380380/files/Design%20files.zip/content#Design files/Plexiglass cover/Housing_1.pdf,CC-BY-4.0,https://zenodo.org/records/7380380,"Christian Niederauer (2022). Design files for ""The K2: Open-source simultaneous triple-color TIRF microscope for live cell and single molecule imaging"". Zenodo. doi:10.5281/zenodo.7380380",2026-10-01T22:27:27Z,00c3a965f55409d4de5687019d5e9c9c464ebc1e2ff43c5f3a770014c9606ca7,open-hardware fabrication drawing; 1 page(s); Zenodo record licence CC-BY-4.0 (https://creativecommons.org/licenses/by/4.0/); extracted unchanged from Design files.zip; institute stamps 'archief'/'voorlopig' on some sheets
raw/oshw/zenodo_7380380/Housing_2.pdf,https://zenodo.org/api/records/7380380/files/Design%20files.zip/content#Design files/Plexiglass cover/Housing_2.pdf,CC-BY-4.0,https://zenodo.org/records/7380380,"Christian Niederauer (2022). Design files for ""The K2: Open-source simultaneous triple-color TIRF microscope for live cell and single molecule imaging"". Zenodo. doi:10.5281/zenodo.7380380",2026-10-01T22:27:27Z,d4360a9c78c1b7a2bd825ff5dbef402520013224a3e0000b454ed815a48e3c68,open-hardware fabrication drawing; 1 page(s); Zenodo record licence CC-BY-4.0 (https://creativecommons.org/licenses/by/4.0/); extracted unchanged from Design files.zip; institute stamps 'archief'/'voorlopig' on some sheets
raw/oshw/zenodo_7380380/Housing_3.pdf,https://zenodo.org/api/records/7380380/files/Design%20files.zip/content#Design files/Plexiglass cover/Housing_3.pdf,CC-BY-4.0,https://zenodo.org/records/7380380,"Christian Niederauer (2022). Design files for ""The K2: Open-source simultaneous triple-color TIRF microscope for live cell and single molecule imaging"". Zenodo. doi:10.5281/zenodo.7380380",2026-10-01T22:27:27Z,3b361b5269f36a0127758e02347fd4fa83df1e18d537e1cb492d118e58df850b,open-hardware fabrication drawing; 1 page(s); Zenodo record licence CC-BY-4.0 (https://creativecommons.org/licenses/by/4.0/); extracted unchanged from Design files.zip; institute stamps 'archief'/'voorlopig' on some sheets
raw/oshw/zenodo_7380380/Focus_Lock_-_Design_v1.0.pdf,https://zenodo.org/api/records/7380380/files/Design%20files.zip/content#Design files/qgFocus/Focus Lock - Design_v1.0.pdf,CC-BY-4.0,https://zenodo.org/records/7380380,"Christian Niederauer (2022). Design files for ""The K2: Open-source simultaneous triple-color TIRF microscope for live cell and single molecule imaging"". Zenodo. doi:10.5281/zenodo.7380380",2026-10-01T22:27:27Z,1c6931ae5cdc4b342a7251603f9ce059ccd4bf1cb78b8820e0e691d5e63fe45f,open-hardware fabrication drawing; 2 page(s); Zenodo record licence CC-BY-4.0 (https://creativecommons.org/licenses/by/4.0/); extracted unchanged from Design files.zip; institute stamps 'archief'/'voorlopig' on some sheets
raw/oshw/zenodo_7380380/Mechanical_Hammond_1590LLBBK.pdf,https://zenodo.org/api/records/7380380/files/Design%20files.zip/content#Design files/qgFocus/Mechanical_Hammond 1590LLBBK.pdf,CC-BY-4.0,https://zenodo.org/records/7380380,"Christian Niederauer (2022). Design files for ""The K2: Open-source simultaneous triple-color TIRF microscope for live cell and single molecule imaging"". Zenodo. doi:10.5281/zenodo.7380380",2026-10-01T22:27:27Z,a297442e330d03ce09a68fa8319111be3fdc3254eb0a21fd9eff2e9166471b82,open-hardware fabrication drawing; 1 page(s); Zenodo record licence CC-BY-4.0 (https://creativecommons.org/licenses/by/4.0/); extracted unchanged from Design files.zip; institute stamps 'archief'/'voorlopig' on some sheets
raw/oshw/zenodo_7380380/Sampleholder.pdf,https://zenodo.org/api/records/7380380/files/Design%20files.zip/content#Design files/Sampleholder/Sampleholder.pdf,CC-BY-4.0,https://zenodo.org/records/7380380,"Christian Niederauer (2022). Design files for ""The K2: Open-source simultaneous triple-color TIRF microscope for live cell and single molecule imaging"". Zenodo. doi:10.5281/zenodo.7380380",2026-10-01T22:27:27Z,0a117f15ecd4181f3cf805e818375bc738edaf589258968d1962da98a0748572,open-hardware fabrication drawing; 1 page(s); Zenodo record licence CC-BY-4.0 (https://creativecommons.org/licenses/by/4.0/); extracted unchanged from Design files.zip; institute stamps 'archief'/'voorlopig' on some sheets
raw/oshw/zenodo_7380380/Sampleholder_Insert.pdf,https://zenodo.org/api/records/7380380/files/Design%20files.zip/content#Design files/Sampleholder/Sampleholder_Insert.pdf,CC-BY-4.0,https://zenodo.org/records/7380380,"Christian Niederauer (2022). Design files for ""The K2: Open-source simultaneous triple-color TIRF microscope for live cell and single molecule imaging"". Zenodo. doi:10.5281/zenodo.7380380",2026-10-01T22:27:27Z,d59612064ccc586fde3dae945bf95e30a99d85dad77deac8491f7e6218ca0e37,open-hardware fabrication drawing; 1 page(s); Zenodo record licence CC-BY-4.0 (https://creativecommons.org/licenses/by/4.0/); extracted unchanged from Design files.zip; institute stamps 'archief'/'voorlopig' on some sheets
raw/oshw/zenodo_6399971/Rail_clamp_modification.pdf,https://zenodo.org/api/records/6399971/files/Design%20files_Panwar_et_al.zip/content#Design files_Panwar_et_al/Supplementary Data 1_Rail clamp modification/Rail clamp modification.pdf,CC-BY-4.0,https://zenodo.org/records/6399971,Panwar Jatin; Autour Alexis; Merten Christoph A. (2022). Design files for a microfluidics workstation for high-throughput multi-wavelength fluorescence and transmittance activated droplet analysis and sorting. Zenodo. doi:10.5281/zenodo.6399971,2026-10-01T22:27:27Z,52bbb1d73fe6070f67d087402ef3c3dec9992def0011faa8b720c7f4e0c79094,open-hardware fabrication drawing; 1 page(s); Zenodo record licence CC-BY-4.0 (https://creativecommons.org/licenses/by/4.0/); extracted unchanged from Design files_Panwar_et_al.zip
raw/oshw/zenodo_6399971/Filter_holder_modification.pdf,https://zenodo.org/api/records/6399971/files/Design%20files_Panwar_et_al.zip/content#Design files_Panwar_et_al/Supplementary Data 2_Filter holder modification/Filter holder modification.pdf,CC-BY-4.0,https://zenodo.org/records/6399971,Panwar Jatin; Autour Alexis; Merten Christoph A. (2022). Design files for a microfluidics workstation for high-throughput multi-wavelength fluorescence and transmittance activated droplet analysis and sorting. Zenodo. doi:10.5281/zenodo.6399971,2026-10-01T22:27:27Z,5aac667286ceabbf0bbec8b4be5deeee567096da63b31d98bacb9db9a3d56d64,open-hardware fabrication drawing; 1 page(s); Zenodo record licence CC-BY-4.0 (https://creativecommons.org/licenses/by/4.0/); extracted unchanged from Design files_Panwar_et_al.zip
raw/oshw/zenodo_6399971/Rail_support_block.pdf,https://zenodo.org/api/records/6399971/files/Design%20files_Panwar_et_al.zip/content#Design files_Panwar_et_al/Supplementary Data 3_Rail support block/Rail support block.pdf,CC-BY-4.0,https://zenodo.org/records/6399971,Panwar Jatin; Autour Alexis; Merten Christoph A. (2022). Design files for a microfluidics workstation for high-throughput multi-wavelength fluorescence and transmittance activated droplet analysis and sorting. Zenodo. doi:10.5281/zenodo.6399971,2026-10-01T22:27:27Z,edd24a1a47c836fe393d3dc855df2aa50ed9c30f5f334dfd9187eef3ca4a3657,open-hardware fabrication drawing; 1 page(s); Zenodo record licence CC-BY-4.0 (https://creativecommons.org/licenses/by/4.0/); extracted unchanged from Design files_Panwar_et_al.zip
raw/oshw/zenodo_6399971/Laser_support_block_FN_Series.pdf,https://zenodo.org/api/records/6399971/files/Design%20files_Panwar_et_al.zip/content#Design files_Panwar_et_al/Supplementary Data 4_Laser support block (M and FN series)/Laser support block FN Series.pdf,CC-BY-4.0,https://zenodo.org/records/6399971,Panwar Jatin; Autour Alexis; Merten Christoph A. (2022). Design files for a microfluidics workstation for high-throughput multi-wavelength fluorescence and transmittance activated droplet analysis and sorting. Zenodo. doi:10.5281/zenodo.6399971,2026-10-01T22:27:27Z,474502089e657af419ccdaf2bbbda7eb38e2554474c6b0a5719b2498ed3f0c75,open-hardware fabrication drawing; 1 page(s); Zenodo record licence CC-BY-4.0 (https://creativecommons.org/licenses/by/4.0/); extracted unchanged from Design files_Panwar_et_al.zip
raw/oshw/zenodo_6399971/Laser_support_block_M_Series.pdf,https://zenodo.org/api/records/6399971/files/Design%20files_Panwar_et_al.zip/content#Design files_Panwar_et_al/Supplementary Data 4_Laser support block (M and FN series)/Laser support block M Series.pdf,CC-BY-4.0,https://zenodo.org/records/6399971,Panwar Jatin; Autour Alexis; Merten Christoph A. (2022). Design files for a microfluidics workstation for high-throughput multi-wavelength fluorescence and transmittance activated droplet analysis and sorting. Zenodo. doi:10.5281/zenodo.6399971,2026-10-01T22:27:27Z,0270ac29b4364120377636061aaa4efedc426b4a3cafd36e7ce5b793419c8c0e,open-hardware fabrication drawing; 1 page(s); Zenodo record licence CC-BY-4.0 (https://creativecommons.org/licenses/by/4.0/); extracted unchanged from Design files_Panwar_et_al.zip
raw/oshw/zenodo_6399971/PMT_mount_part1.pdf,https://zenodo.org/api/records/6399971/files/Design%20files_Panwar_et_al.zip/content#Design files_Panwar_et_al/Supplementary Data 5_ PMT mount (Part 1 and 2)/PMT_mount_part1.pdf,CC-BY-4.0,https://zenodo.org/records/6399971,Panwar Jatin; Autour Alexis; Merten Christoph A. (2022). Design files for a microfluidics workstation for high-throughput multi-wavelength fluorescence and transmittance activated droplet analysis and sorting. Zenodo. doi:10.5281/zenodo.6399971,2026-10-01T22:27:27Z,504fc0d0babad1ad0549ae12e6058ca876de5ef6137b339e943b6ace4c3fd946,open-hardware fabrication drawing; 1 page(s); Zenodo record licence CC-BY-4.0 (https://creativecommons.org/licenses/by/4.0/); extracted unchanged from Design files_Panwar_et_al.zip
raw/oshw/zenodo_6399971/PMT_mount_part2.pdf,https://zenodo.org/api/records/6399971/files/Design%20files_Panwar_et_al.zip/content#Design files_Panwar_et_al/Supplementary Data 5_ PMT mount (Part 1 and 2)/PMT_mount_part2.pdf,CC-BY-4.0,https://zenodo.org/records/6399971,Panwar Jatin; Autour Alexis; Merten Christoph A. (2022). Design files for a microfluidics workstation for high-throughput multi-wavelength fluorescence and transmittance activated droplet analysis and sorting. Zenodo. doi:10.5281/zenodo.6399971,2026-10-01T22:27:27Z,802ecee537f3ed2971ff833b4be3e5640e1c521c5debdc41e02fbbd5d4535fbe,open-hardware fabrication drawing; 1 page(s); Zenodo record licence CC-BY-4.0 (https://creativecommons.org/licenses/by/4.0/); extracted unchanged from Design files_Panwar_et_al.zip
raw/oshw/zenodo_6399971/1_Cover.pdf,https://zenodo.org/api/records/6399971/files/Design%20files_Panwar_et_al.zip/content#Design files_Panwar_et_al/Supplementary Data 6_Black Box/1_Cover.pdf,CC-BY-4.0,https://zenodo.org/records/6399971,Panwar Jatin; Autour Alexis; Merten Christoph A. (2022). Design files for a microfluidics workstation for high-throughput multi-wavelength fluorescence and transmittance activated droplet analysis and sorting. Zenodo. doi:10.5281/zenodo.6399971,2026-10-01T22:27:27Z,146ebdcfb449e9af779f52bc0c55d73e7beab54da4f9707f059cf8d032d53368,open-hardware fabrication drawing; 1 page(s); Zenodo record licence CC-BY-4.0 (https://creativecommons.org/licenses/by/4.0/); extracted unchanged from Design files_Panwar_et_al.zip
raw/oshw/zenodo_6399971/2_Back_plate.pdf,https://zenodo.org/api/records/6399971/files/Design%20files_Panwar_et_al.zip/content#Design files_Panwar_et_al/Supplementary Data 6_Black Box/2_Back plate.pdf,CC-BY-4.0,https://zenodo.org/records/6399971,Panwar Jatin; Autour Alexis; Merten Christoph A. (2022). Design files for a microfluidics workstation for high-throughput multi-wavelength fluorescence and transmittance activated droplet analysis and sorting. Zenodo. doi:10.5281/zenodo.6399971,2026-10-01T22:27:27Z,dfe67af89e4f979b739b44bc629ec3e3383bb7271499d702f4549a5a48d9e1de,open-hardware fabrication drawing; 1 page(s); Zenodo record licence CC-BY-4.0 (https://creativecommons.org/licenses/by/4.0/); extracted unchanged from Design files_Panwar_et_al.zip
raw/oshw/zenodo_6399971/3_Front_plate.pdf,https://zenodo.org/api/records/6399971/files/Design%20files_Panwar_et_al.zip/content#Design files_Panwar_et_al/Supplementary Data 6_Black Box/3_Front plate.pdf,CC-BY-4.0,https://zenodo.org/records/6399971,Panwar Jatin; Autour Alexis; Merten Christoph A. (2022). Design files for a microfluidics workstation for high-throughput multi-wavelength fluorescence and transmittance activated droplet analysis and sorting. Zenodo. doi:10.5281/zenodo.6399971,2026-10-01T22:27:27Z,b05a5bc48ea05a594d40ab6e5515062def10cac83d6431327cc60396a2d21f85,open-hardware fabrication drawing; 1 page(s); Zenodo record licence CC-BY-4.0 (https://creativecommons.org/licenses/by/4.0/); extracted unchanged from Design files_Panwar_et_al.zip
raw/oshw/zenodo_6399971/4_Two_side_plates.pdf,https://zenodo.org/api/records/6399971/files/Design%20files_Panwar_et_al.zip/content#Design files_Panwar_et_al/Supplementary Data 6_Black Box/4_Two side plates.pdf,CC-BY-4.0,https://zenodo.org/records/6399971,Panwar Jatin; Autour Alexis; Merten Christoph A. (2022). Design files for a microfluidics workstation for high-throughput multi-wavelength fluorescence and transmittance activated droplet analysis and sorting. Zenodo. doi:10.5281/zenodo.6399971,2026-10-01T22:27:27Z,c551867e15a8becbc0d1045d2e4ebc9708181886335fd17e73e7316eb92da5a0,open-hardware fabrication drawing; 1 page(s); Zenodo record licence CC-BY-4.0 (https://creativecommons.org/licenses/by/4.0/); extracted unchanged from Design files_Panwar_et_al.zip
raw/oshw/zenodo_6399971/5_Angle.pdf,https://zenodo.org/api/records/6399971/files/Design%20files_Panwar_et_al.zip/content#Design files_Panwar_et_al/Supplementary Data 6_Black Box/5_Angle.pdf,CC-BY-4.0,https://zenodo.org/records/6399971,Panwar Jatin; Autour Alexis; Merten Christoph A. (2022). Design files for a microfluidics workstation for high-throughput multi-wavelength fluorescence and transmittance activated droplet analysis and sorting. Zenodo. doi:10.5281/zenodo.6399971,2026-10-01T22:27:27Z,67e49c49aea27c9514f6f6965f7f849baca9f312e37f9d9da67056d161331db4,open-hardware fabrication drawing; 1 page(s); Zenodo record licence CC-BY-4.0 (https://creativecommons.org/licenses/by/4.0/); extracted unchanged from Design files_Panwar_et_al.zip
raw/oshw/zenodo_21633488/Pivot_Housing_Dimensioned_Drawing.pdf,https://zenodo.org/api/records/21633488/files/Pivot_Housing_Dimensioned_Drawing.pdf/content,CC-BY-4.0,https://zenodo.org/records/21633488,"Rengel Poma, María Fernanda; Esthefany, Cepeda; Mejía Iñaguazo, Angie Antonella (2026). Open-source design files for a passive lumbar exoskeleton with a redesigned torsional spring-assisted L5–S1 pivot. Zenodo. doi:10.5281/zenodo.21633488",2026-10-01T22:27:27Z,092bb4a2dd00ae38bf3a7e4df182fa26a18c0cbf3d6e7d5f4bdf4e863abfbfd3,open-hardware fabrication drawing; 1 page(s); Zenodo record licence CC-BY-4.0 (https://creativecommons.org/licenses/by/4.0/); file as published
raw/oshw/zenodo_21633488/Selector_Disk_Dimensioned_Drawing.pdf,https://zenodo.org/api/records/21633488/files/Selector_Disk_Dimensioned_Drawing.pdf/content,CC-BY-4.0,https://zenodo.org/records/21633488,"Rengel Poma, María Fernanda; Esthefany, Cepeda; Mejía Iñaguazo, Angie Antonella (2026). Open-source design files for a passive lumbar exoskeleton with a redesigned torsional spring-assisted L5–S1 pivot. Zenodo. doi:10.5281/zenodo.21633488",2026-10-01T22:27:27Z,83a309f1e277d335bef3254c29437b9cfd57ec3ab77364a811fe2cd023f1d5fc,open-hardware fabrication drawing; 1 page(s); Zenodo record licence CC-BY-4.0 (https://creativecommons.org/licenses/by/4.0/); file as published
raw/oshw/zenodo_21633488/Pelvic_Pad_Dimensioned_Drawing.pdf,https://zenodo.org/api/records/21633488/files/Pelvic_Pad_Dimensioned_Drawing.pdf/content,CC-BY-4.0,https://zenodo.org/records/21633488,"Rengel Poma, María Fernanda; Esthefany, Cepeda; Mejía Iñaguazo, Angie Antonella (2026). Open-source design files for a passive lumbar exoskeleton with a redesigned torsional spring-assisted L5–S1 pivot. Zenodo. doi:10.5281/zenodo.21633488",2026-10-01T22:27:27Z,812867f0cb0fa039acad65a260a2d5fcc31330113a7eb9286f77a2d73bfdd204,open-hardware fabrication drawing; 1 page(s); Zenodo record licence CC-BY-4.0 (https://creativecommons.org/licenses/by/4.0/); file as published
raw/oshw/zenodo_21633488/Thoracic_Pad_Dimensioned_Drawing.pdf,https://zenodo.org/api/records/21633488/files/Thoracic_Pad_Dimensioned_Drawing.pdf/content,CC-BY-4.0,https://zenodo.org/records/21633488,"Rengel Poma, María Fernanda; Esthefany, Cepeda; Mejía Iñaguazo, Angie Antonella (2026). Open-source design files for a passive lumbar exoskeleton with a redesigned torsional spring-assisted L5–S1 pivot. Zenodo. doi:10.5281/zenodo.21633488",2026-10-01T22:27:27Z,9e24453d7ab98bfc6d9f29ec0413609b5448b16a70428e49404be9628c596614,open-hardware fabrication drawing; 1 page(s); Zenodo record licence CC-BY-4.0 (https://creativecommons.org/licenses/by/4.0/); file as published
raw/oshw/zenodo_5094908/3._Technical_drawing.pdf,https://zenodo.org/api/records/5094908/files/3.%20Technical%20drawing.pdf/content,CC-BY-4.0,https://zenodo.org/records/5094908,"Chung, Jae Wook (2021). Design and technical drawing of a bench-scale low-cost hydrothermal carbonization reactor. Zenodo. doi:10.5281/zenodo.5094908",2026-10-01T22:27:27Z,6253ab9135debc342cfe444fc35e09c94bf545737d5f47d8c67d31a0da69736b,open-hardware fabrication drawing; 1 page(s); Zenodo record licence CC-BY-4.0 (https://creativecommons.org/licenses/by/4.0/); file as published
raw/oshw/zenodo_4599816/PVC_Head_Drawing.pdf,https://zenodo.org/api/records/4599816/files/PVC%20Head%20Drawing.pdf/content,CC-BY-3.0,https://zenodo.org/records/4599816,"Gasper, Paul (2021). PNNL FluxTool V1 Hardware. Zenodo. doi:10.5281/zenodo.4599816",2026-10-01T22:27:27Z,7a8100bf54e31492c674c122a80e0df34225fed7d19b01c0bd41d0fad1884aec,open-hardware fabrication drawing; 1 page(s); Zenodo record licence CC-BY-3.0 (); file as published
raw/oshw/zenodo_19552372/Technical_drawings.pdf,https://zenodo.org/api/records/19552372/files/Technical_drawings.pdf/content,CC-BY-4.0,https://zenodo.org/records/19552372,"Ramirez Bejarano, David Fernando; Constantinescu, Catalin-Daniel; Claessens, Benjamin; Besson, Eric (2026). Modular cartridge-based low-volume platform for high-throughput screening of photopolymer formulations for DLP/SLA printing — design files. Zenodo. doi:10.5281/zenodo.19552372",2026-10-01T22:27:27Z,88709ba91215958703015ad265253a05489ff316e1a76252d5f5a948de9faa5c,open-hardware fabrication drawing; 2 page(s); Zenodo record licence CC-BY-4.0 (https://creativecommons.org/licenses/by/4.0/); file as published
